{
  "type": "Feature",
  "properties": {
    "relation": 3563646,
    "direction": "1",
    "fee": "yes",
    "from": "Soon Lee Bus Park",
    "name": "Svc 502 (Soon Lee Bus Park ↺ Central Boulevard)",
    "name:en": "Svc 502 (Soon Lee Bus Park ↺ Central Boulevard)",
    "network": "Land Transport Authority",
    "network:short": "LTA",
    "network:wikidata": "Q3299279",
    "network:wikipedia": "en:Land Transport Authority",
    "operator": "SMRT Buses",
    "operator:wikidata": "Q10852420",
    "operator:wikipedia": "en:SMRT Buses",
    "public_transport:version": "2",
    "ref": "502",
    "roundtrip": "yes",
    "route": "bus",
    "to": "Soon Lee Bus Park",
    "type": "route",
    "via": "Central Boulevard",
    "website": "https://journey.smrt.com.sg/journey/bus_search/bus/502/"
  },
  "geometry": {
    "type": "LineString",
    "coordinates": [
      [
        103.6984588,
        1.3295938
      ],
      [
        103.6984578,
        1.3294503
      ],
      [
        103.698456,
        1.3292102
      ],
      [
        103.6984588,
        1.3295938
      ],
      [
        103.6984596,
        1.3297037
      ],
      [
        103.698445,
        1.3302283
      ],
      [
        103.6984459,
        1.3307949
      ],
      [
        103.6984455,
        1.3308598
      ],
      [
        103.698442,
        1.3314127
      ],
      [
        103.6984428,
        1.3312885
      ],
      [
        103.698439,
        1.3318697
      ],
      [
        103.6982091,
        1.3321694
      ],
      [
        103.6984371,
        1.3321695
      ],
      [
        103.6981031,
        1.3321694
      ],
      [
        103.697627,
        1.3321613
      ],
      [
        103.6966333,
        1.3321353
      ],
      [
        103.6972234,
        1.332154
      ],
      [
        103.69659,
        1.3321361
      ],
      [
        103.6964637,
        1.332261
      ],
      [
        103.6964576,
        1.3329162
      ],
      [
        103.696449,
        1.3336256
      ],
      [
        103.6964378,
        1.3339332
      ],
      [
        103.6964344,
        1.3340027
      ],
      [
        103.6964283,
        1.3343661
      ],
      [
        103.6964128,
        1.3346831
      ],
      [
        103.6964109,
        1.3347466
      ],
      [
        103.6964036,
        1.3348782
      ],
      [
        103.6963978,
        1.3349545
      ],
      [
        103.6963818,
        1.3351647
      ],
      [
        103.6963298,
        1.3355567
      ],
      [
        103.6961291,
        1.3366484
      ],
      [
        103.696111,
        1.3367424
      ],
      [
        103.6960733,
        1.3369195
      ],
      [
        103.6960506,
        1.3370166
      ],
      [
        103.6960115,
        1.3371715
      ],
      [
        103.6959498,
        1.3373905
      ],
      [
        103.695926,
        1.3374734
      ],
      [
        103.6958729,
        1.3376511
      ],
      [
        103.6958519,
        1.3377187
      ],
      [
        103.6957403,
        1.338092
      ],
      [
        103.69546,
        1.3388362
      ],
      [
        103.6953686,
        1.3390268
      ],
      [
        103.695181,
        1.3393549
      ],
      [
        103.6949865,
        1.3397046
      ],
      [
        103.6949448,
        1.3397776
      ],
      [
        103.6948547,
        1.339919
      ],
      [
        103.6948134,
        1.3399804
      ],
      [
        103.6945091,
        1.3404281
      ],
      [
        103.694144,
        1.3409144
      ],
      [
        103.6938976,
        1.3412296
      ],
      [
        103.6935775,
        1.3416052
      ],
      [
        103.6933281,
        1.3419072
      ],
      [
        103.6932824,
        1.3419572
      ],
      [
        103.693248,
        1.3419947
      ],
      [
        103.6932007,
        1.3420562
      ],
      [
        103.6932942,
        1.342135
      ],
      [
        103.693348,
        1.3421772
      ],
      [
        103.6935657,
        1.3423565
      ],
      [
        103.6943916,
        1.3430118
      ],
      [
        103.6947685,
        1.3432965
      ],
      [
        103.6948567,
        1.3433762
      ],
      [
        103.694913,
        1.3434251
      ],
      [
        103.6949608,
        1.3434729
      ],
      [
        103.6950117,
        1.3435138
      ],
      [
        103.6950945,
        1.3435823
      ],
      [
        103.6954871,
        1.3438967
      ],
      [
        103.6962726,
        1.344531
      ],
      [
        103.6964456,
        1.344645
      ],
      [
        103.6965488,
        1.3447563
      ],
      [
        103.6966199,
        1.3448863
      ],
      [
        103.6966681,
        1.3449989
      ],
      [
        103.6966936,
        1.3450901
      ],
      [
        103.6967185,
        1.3452587
      ],
      [
        103.6967238,
        1.3453378
      ],
      [
        103.6967381,
        1.3454497
      ],
      [
        103.6968026,
        1.3459561
      ],
      [
        103.6968093,
        1.3460083
      ],
      [
        103.6968251,
        1.3461318
      ],
      [
        103.6968668,
        1.3465555
      ],
      [
        103.6968851,
        1.3467503
      ],
      [
        103.6968881,
        1.3467951
      ],
      [
        103.6969001,
        1.34688
      ],
      [
        103.696906,
        1.346942
      ],
      [
        103.6969173,
        1.3470339
      ],
      [
        103.696969,
        1.3475658
      ],
      [
        103.6969862,
        1.3476885
      ],
      [
        103.6970265,
        1.3480905
      ],
      [
        103.6970492,
        1.3482677
      ],
      [
        103.6970568,
        1.3483548
      ],
      [
        103.6970659,
        1.3485579
      ],
      [
        103.6971752,
        1.3485591
      ],
      [
        103.6972724,
        1.3485569
      ],
      [
        103.6974858,
        1.3485535
      ],
      [
        103.6976434,
        1.3485167
      ],
      [
        103.6978233,
        1.3484423
      ],
      [
        103.6980183,
        1.3484168
      ],
      [
        103.6982644,
        1.3483881
      ],
      [
        103.6984251,
        1.3483664
      ],
      [
        103.6985354,
        1.3483576
      ],
      [
        103.6991231,
        1.3482877
      ],
      [
        103.6991878,
        1.3482775
      ],
      [
        103.6994777,
        1.3482596
      ],
      [
        103.6996242,
        1.3482701
      ],
      [
        103.6999493,
        1.3482398
      ],
      [
        103.7000364,
        1.3482282
      ],
      [
        103.7006015,
        1.3481749
      ],
      [
        103.7006769,
        1.3481582
      ],
      [
        103.7007579,
        1.3481318
      ],
      [
        103.7008936,
        1.3480666
      ],
      [
        103.7009901,
        1.3479916
      ],
      [
        103.7010978,
        1.3478795
      ],
      [
        103.7012311,
        1.3477422
      ],
      [
        103.7013322,
        1.3476069
      ],
      [
        103.7015288,
        1.3473329
      ],
      [
        103.7015787,
        1.3472271
      ],
      [
        103.7016064,
        1.3471569
      ],
      [
        103.7017263,
        1.3468735
      ],
      [
        103.7019378,
        1.3465551
      ],
      [
        103.7020645,
        1.3463852
      ],
      [
        103.702226,
        1.3461464
      ],
      [
        103.7024452,
        1.345835
      ],
      [
        103.7025148,
        1.3457725
      ],
      [
        103.7026003,
        1.3456795
      ],
      [
        103.7026542,
        1.3456047
      ],
      [
        103.7027469,
        1.3454762
      ],
      [
        103.7029374,
        1.3451511
      ],
      [
        103.7029645,
        1.3450732
      ],
      [
        103.7030638,
        1.3448786
      ],
      [
        103.7031591,
        1.344732
      ],
      [
        103.7032967,
        1.3445338
      ],
      [
        103.7034091,
        1.344334
      ],
      [
        103.7034892,
        1.3441923
      ],
      [
        103.7035087,
        1.3441391
      ],
      [
        103.7035644,
        1.3439898
      ],
      [
        103.7036011,
        1.3439074
      ],
      [
        103.7036425,
        1.34379
      ],
      [
        103.7037044,
        1.3435375
      ],
      [
        103.7037274,
        1.3433822
      ],
      [
        103.7037477,
        1.3431728
      ],
      [
        103.7037939,
        1.3427085
      ],
      [
        103.7038121,
        1.3425158
      ],
      [
        103.7038402,
        1.3421832
      ],
      [
        103.703866,
        1.3419619
      ],
      [
        103.703906,
        1.341701
      ],
      [
        103.70396,
        1.3413665
      ],
      [
        103.7040146,
        1.3412951
      ],
      [
        103.7040776,
        1.341234
      ],
      [
        103.7041586,
        1.3411805
      ],
      [
        103.7042561,
        1.3411675
      ],
      [
        103.7047643,
        1.3412618
      ],
      [
        103.7047841,
        1.3412702
      ],
      [
        103.7048845,
        1.3413131
      ],
      [
        103.7049873,
        1.341389
      ],
      [
        103.7050535,
        1.3414636
      ],
      [
        103.7051084,
        1.3415654
      ],
      [
        103.7051293,
        1.3416256
      ],
      [
        103.7052566,
        1.3420185
      ],
      [
        103.7053428,
        1.3422651
      ],
      [
        103.7055208,
        1.3428243
      ],
      [
        103.705595,
        1.3429764
      ],
      [
        103.7056971,
        1.3431001
      ],
      [
        103.7058047,
        1.3431917
      ],
      [
        103.7061098,
        1.3434001
      ],
      [
        103.706446,
        1.3436334
      ],
      [
        103.7065473,
        1.343692
      ],
      [
        103.7068323,
        1.3438822
      ],
      [
        103.7070231,
        1.3440137
      ],
      [
        103.7070847,
        1.3440562
      ],
      [
        103.7071803,
        1.3441324
      ],
      [
        103.7072364,
        1.344173
      ],
      [
        103.7074692,
        1.3443332
      ],
      [
        103.7079568,
        1.3446631
      ],
      [
        103.7082072,
        1.3448325
      ],
      [
        103.7086979,
        1.3451652
      ],
      [
        103.7088588,
        1.3452791
      ],
      [
        103.7091944,
        1.3455332
      ],
      [
        103.7092421,
        1.3455667
      ],
      [
        103.7093283,
        1.3456298
      ],
      [
        103.7093708,
        1.3456631
      ],
      [
        103.7096877,
        1.3458921
      ],
      [
        103.7098665,
        1.3460509
      ],
      [
        103.7100056,
        1.34624
      ],
      [
        103.7101422,
        1.346465
      ],
      [
        103.7102388,
        1.3466835
      ],
      [
        103.7102944,
        1.3468458
      ],
      [
        103.7103754,
        1.3472229
      ],
      [
        103.7105262,
        1.3479056
      ],
      [
        103.7105601,
        1.3480614
      ],
      [
        103.7106295,
        1.3482989
      ],
      [
        103.7107072,
        1.3484508
      ],
      [
        103.7107525,
        1.348522
      ],
      [
        103.7108184,
        1.3486155
      ],
      [
        103.7109603,
        1.3487489
      ],
      [
        103.7112423,
        1.3489255
      ],
      [
        103.7113453,
        1.3489891
      ],
      [
        103.7114174,
        1.3490348
      ],
      [
        103.7115218,
        1.3491129
      ],
      [
        103.7120241,
        1.3494635
      ],
      [
        103.7125347,
        1.3497962
      ],
      [
        103.7128051,
        1.3499839
      ],
      [
        103.7129845,
        1.3500892
      ],
      [
        103.7130506,
        1.3501336
      ],
      [
        103.7131252,
        1.3501983
      ],
      [
        103.71318,
        1.3501315
      ],
      [
        103.7132246,
        1.3500913
      ],
      [
        103.7133117,
        1.3500176
      ],
      [
        103.7136357,
        1.3497103
      ],
      [
        103.7138286,
        1.349532
      ],
      [
        103.7141857,
        1.3492024
      ],
      [
        103.7142672,
        1.3491512
      ],
      [
        103.7144264,
        1.3490966
      ],
      [
        103.7145633,
        1.3490937
      ],
      [
        103.7146908,
        1.3491269
      ],
      [
        103.7151307,
        1.349462
      ],
      [
        103.71536,
        1.3496264
      ],
      [
        103.7156797,
        1.3498225
      ],
      [
        103.7161284,
        1.3500487
      ],
      [
        103.7163984,
        1.3501823
      ],
      [
        103.7164428,
        1.3502043
      ],
      [
        103.7166785,
        1.3503006
      ],
      [
        103.7169486,
        1.3504165
      ],
      [
        103.7170794,
        1.3504726
      ],
      [
        103.7171315,
        1.350495
      ],
      [
        103.7172116,
        1.350524
      ],
      [
        103.7172496,
        1.3505399
      ],
      [
        103.7174873,
        1.3506139
      ],
      [
        103.7176002,
        1.3506512
      ],
      [
        103.7177148,
        1.350689
      ],
      [
        103.717903,
        1.3507277
      ],
      [
        103.7180454,
        1.350756
      ],
      [
        103.7182908,
        1.3507929
      ],
      [
        103.7187497,
        1.3508513
      ],
      [
        103.7190877,
        1.3508943
      ],
      [
        103.7191444,
        1.3509015
      ],
      [
        103.719247,
        1.3509115
      ],
      [
        103.7199501,
        1.3510059
      ],
      [
        103.7205836,
        1.3510704
      ],
      [
        103.7208777,
        1.3510992
      ],
      [
        103.7210199,
        1.3511106
      ],
      [
        103.7215495,
        1.3511178
      ],
      [
        103.7217113,
        1.35112
      ],
      [
        103.7219971,
        1.351104
      ],
      [
        103.7223047,
        1.3510854
      ],
      [
        103.722451,
        1.3510765
      ],
      [
        103.7226378,
        1.3510538
      ],
      [
        103.7226951,
        1.3510469
      ],
      [
        103.7229356,
        1.351
      ],
      [
        103.7231945,
        1.3509431
      ],
      [
        103.723473,
        1.350871
      ],
      [
        103.723788,
        1.3507756
      ],
      [
        103.7241166,
        1.350668
      ],
      [
        103.724288,
        1.3506065
      ],
      [
        103.7247897,
        1.3504023
      ],
      [
        103.7249225,
        1.3503492
      ],
      [
        103.7250582,
        1.3503003
      ],
      [
        103.7251539,
        1.3502681
      ],
      [
        103.7253536,
        1.3501987
      ],
      [
        103.7257236,
        1.3500832
      ],
      [
        103.7258381,
        1.3500471
      ],
      [
        103.7259397,
        1.3500263
      ],
      [
        103.7262674,
        1.349959
      ],
      [
        103.7267896,
        1.3499281
      ],
      [
        103.7270695,
        1.349938
      ],
      [
        103.7275214,
        1.3499553
      ],
      [
        103.7278771,
        1.3499742
      ],
      [
        103.7278879,
        1.349974
      ],
      [
        103.7281393,
        1.3499829
      ],
      [
        103.7282043,
        1.3499837
      ],
      [
        103.7282917,
        1.3499811
      ],
      [
        103.728355,
        1.3499813
      ],
      [
        103.7284927,
        1.3499818
      ],
      [
        103.7291832,
        1.3499764
      ],
      [
        103.7294266,
        1.3499516
      ],
      [
        103.7294917,
        1.3499468
      ],
      [
        103.7297458,
        1.3498973
      ],
      [
        103.7300201,
        1.3498088
      ],
      [
        103.7303003,
        1.3496893
      ],
      [
        103.730517,
        1.34954
      ],
      [
        103.730664,
        1.3494322
      ],
      [
        103.7306917,
        1.3494119
      ],
      [
        103.7307651,
        1.3493484
      ],
      [
        103.730894,
        1.3491998
      ],
      [
        103.7310119,
        1.3490423
      ],
      [
        103.7310432,
        1.3489934
      ],
      [
        103.731118,
        1.3488766
      ],
      [
        103.7311928,
        1.3487523
      ],
      [
        103.7312586,
        1.3486231
      ],
      [
        103.7312941,
        1.3485452
      ],
      [
        103.7313706,
        1.3483682
      ],
      [
        103.731453,
        1.3480571
      ],
      [
        103.7314653,
        1.347994
      ],
      [
        103.7314702,
        1.3479685
      ],
      [
        103.7314812,
        1.3479116
      ],
      [
        103.7314981,
        1.3478202
      ],
      [
        103.7315029,
        1.3477878
      ],
      [
        103.7315497,
        1.3475423
      ],
      [
        103.7315691,
        1.347435
      ],
      [
        103.731608,
        1.3472366
      ],
      [
        103.7316327,
        1.3470918
      ],
      [
        103.7316884,
        1.346766
      ],
      [
        103.7317355,
        1.3465041
      ],
      [
        103.7317514,
        1.346416
      ],
      [
        103.7317671,
        1.3463532
      ],
      [
        103.7318319,
        1.3461117
      ],
      [
        103.7319137,
        1.3459066
      ],
      [
        103.7319869,
        1.3457611
      ],
      [
        103.7321068,
        1.3455821
      ],
      [
        103.7322369,
        1.3454118
      ],
      [
        103.7324502,
        1.345192
      ],
      [
        103.7326433,
        1.3450552
      ],
      [
        103.7327197,
        1.3450056
      ],
      [
        103.7327441,
        1.3449927
      ],
      [
        103.73289,
        1.3449158
      ],
      [
        103.7330872,
        1.3448313
      ],
      [
        103.7333487,
        1.3447415
      ],
      [
        103.7334832,
        1.3446895
      ],
      [
        103.7335206,
        1.344675
      ],
      [
        103.7336451,
        1.3446269
      ],
      [
        103.7336914,
        1.3446074
      ],
      [
        103.7337538,
        1.3445817
      ],
      [
        103.7338717,
        1.3445364
      ],
      [
        103.7341842,
        1.344409
      ],
      [
        103.7344138,
        1.3442983
      ],
      [
        103.7348557,
        1.3440443
      ],
      [
        103.7350398,
        1.3439438
      ],
      [
        103.7353486,
        1.3437703
      ],
      [
        103.7355426,
        1.3436581
      ],
      [
        103.7355971,
        1.3436265
      ],
      [
        103.7359903,
        1.343393
      ],
      [
        103.7360713,
        1.3433458
      ],
      [
        103.7362216,
        1.3432624
      ],
      [
        103.7362884,
        1.3432253
      ],
      [
        103.7365165,
        1.3430941
      ],
      [
        103.7371843,
        1.3427009
      ],
      [
        103.737746,
        1.3423727
      ],
      [
        103.7377754,
        1.3423565
      ],
      [
        103.7381123,
        1.3421713
      ],
      [
        103.7384004,
        1.3420225
      ],
      [
        103.7390203,
        1.3417014
      ],
      [
        103.7391356,
        1.3416417
      ],
      [
        103.7391535,
        1.341633
      ],
      [
        103.7394708,
        1.3414795
      ],
      [
        103.7396318,
        1.3414312
      ],
      [
        103.7398209,
        1.3414084
      ],
      [
        103.7403613,
        1.3414017
      ],
      [
        103.7406282,
        1.3414039
      ],
      [
        103.7407288,
        1.3414058
      ],
      [
        103.7408012,
        1.3414071
      ],
      [
        103.7409591,
        1.34141
      ],
      [
        103.7414476,
        1.3414191
      ],
      [
        103.7417266,
        1.3414124
      ],
      [
        103.7420766,
        1.3414071
      ],
      [
        103.7422644,
        1.3413816
      ],
      [
        103.7424132,
        1.3413427
      ],
      [
        103.7426265,
        1.341265
      ],
      [
        103.7426935,
        1.3412422
      ],
      [
        103.7428477,
        1.3411738
      ],
      [
        103.7431676,
        1.3410107
      ],
      [
        103.7432259,
        1.340978
      ],
      [
        103.7433587,
        1.3409123
      ],
      [
        103.7434517,
        1.3408645
      ],
      [
        103.7442747,
        1.3404149
      ],
      [
        103.7445619,
        1.3402271
      ],
      [
        103.7449488,
        1.3399462
      ],
      [
        103.7456511,
        1.3394363
      ],
      [
        103.7457312,
        1.3393782
      ],
      [
        103.7458424,
        1.3392941
      ],
      [
        103.7461108,
        1.3391061
      ],
      [
        103.7462333,
        1.339036
      ],
      [
        103.7463593,
        1.3389843
      ],
      [
        103.746487,
        1.3389407
      ],
      [
        103.746681,
        1.3388882
      ],
      [
        103.7468275,
        1.3388609
      ],
      [
        103.7471617,
        1.3387841
      ],
      [
        103.7473994,
        1.3387155
      ],
      [
        103.7475068,
        1.3386787
      ],
      [
        103.7476636,
        1.3386613
      ],
      [
        103.747661,
        1.3382067
      ],
      [
        103.7476663,
        1.3374935
      ],
      [
        103.7476771,
        1.3371073
      ],
      [
        103.7476847,
        1.3368443
      ],
      [
        103.7477023,
        1.3366661
      ],
      [
        103.7477244,
        1.3365006
      ],
      [
        103.7477343,
        1.336426
      ],
      [
        103.7477463,
        1.3363334
      ],
      [
        103.7477486,
        1.3363069
      ],
      [
        103.7477531,
        1.3362804
      ],
      [
        103.7477853,
        1.3360069
      ],
      [
        103.7478008,
        1.3358575
      ],
      [
        103.7478406,
        1.3354908
      ],
      [
        103.7478521,
        1.3353852
      ],
      [
        103.7478652,
        1.3352532
      ],
      [
        103.7478745,
        1.3351601
      ],
      [
        103.7478842,
        1.3350629
      ],
      [
        103.7478996,
        1.3349083
      ],
      [
        103.7480115,
        1.334008
      ],
      [
        103.7480332,
        1.3337213
      ],
      [
        103.7479988,
        1.3334111
      ],
      [
        103.7479741,
        1.3332932
      ],
      [
        103.7479372,
        1.3331414
      ],
      [
        103.7478749,
        1.3329414
      ],
      [
        103.7478252,
        1.3328489
      ],
      [
        103.7476248,
        1.3325421
      ],
      [
        103.7475235,
        1.3324109
      ],
      [
        103.7473955,
        1.3322313
      ],
      [
        103.7473965,
        1.3322117
      ],
      [
        103.7472665,
        1.3320035
      ],
      [
        103.7472435,
        1.3319248
      ],
      [
        103.7472332,
        1.3318395
      ],
      [
        103.7472186,
        1.3317071
      ],
      [
        103.7472206,
        1.3315883
      ],
      [
        103.7472308,
        1.331511
      ],
      [
        103.7472519,
        1.3314146
      ],
      [
        103.7481941,
        1.3305989
      ],
      [
        103.7483832,
        1.3304257
      ],
      [
        103.7484849,
        1.3303326
      ],
      [
        103.748842,
        1.3299973
      ],
      [
        103.7490537,
        1.3298075
      ],
      [
        103.7490961,
        1.3297674
      ],
      [
        103.7492582,
        1.329618
      ],
      [
        103.7493207,
        1.329567
      ],
      [
        103.7495877,
        1.3293252
      ],
      [
        103.7499969,
        1.3289608
      ],
      [
        103.7506543,
        1.3284606
      ],
      [
        103.7508275,
        1.3283266
      ],
      [
        103.7512337,
        1.3280667
      ],
      [
        103.7514625,
        1.3279312
      ],
      [
        103.7518197,
        1.3277543
      ],
      [
        103.7519411,
        1.327696
      ],
      [
        103.7519948,
        1.3276703
      ],
      [
        103.7520332,
        1.3276519
      ],
      [
        103.7520711,
        1.3276352
      ],
      [
        103.7521216,
        1.3276139
      ],
      [
        103.7526323,
        1.3273946
      ],
      [
        103.7536946,
        1.3270017
      ],
      [
        103.7546316,
        1.3267148
      ],
      [
        103.7554504,
        1.3264482
      ],
      [
        103.7556518,
        1.3263878
      ],
      [
        103.7560359,
        1.3262735
      ],
      [
        103.7569806,
        1.3259723
      ],
      [
        103.7570161,
        1.3259605
      ],
      [
        103.7571777,
        1.3258896
      ],
      [
        103.7573757,
        1.3257963
      ],
      [
        103.7575606,
        1.3257074
      ],
      [
        103.7578287,
        1.3255653
      ],
      [
        103.7579635,
        1.3254869
      ],
      [
        103.7581591,
        1.3253633
      ],
      [
        103.7584382,
        1.3251753
      ],
      [
        103.7587146,
        1.3249723
      ],
      [
        103.7590202,
        1.3247154
      ],
      [
        103.7591715,
        1.3245789
      ],
      [
        103.7594962,
        1.3242871
      ],
      [
        103.7597,
        1.3240763
      ],
      [
        103.7598565,
        1.3239019
      ],
      [
        103.7606438,
        1.3227886
      ],
      [
        103.7608015,
        1.3225661
      ],
      [
        103.7609231,
        1.3224159
      ],
      [
        103.7612211,
        1.3220517
      ],
      [
        103.7614144,
        1.3217731
      ],
      [
        103.7615777,
        1.3215159
      ],
      [
        103.7616293,
        1.3214344
      ],
      [
        103.7617738,
        1.321205
      ],
      [
        103.761953,
        1.3208931
      ],
      [
        103.7621086,
        1.3206378
      ],
      [
        103.7621242,
        1.3206152
      ],
      [
        103.7623698,
        1.3202399
      ],
      [
        103.7624276,
        1.3201515
      ],
      [
        103.7624715,
        1.3200845
      ],
      [
        103.7626016,
        1.3198856
      ],
      [
        103.7626946,
        1.3197407
      ],
      [
        103.7629528,
        1.3193488
      ],
      [
        103.7629831,
        1.3193026
      ],
      [
        103.7630504,
        1.3192001
      ],
      [
        103.7632178,
        1.3189726
      ],
      [
        103.763248,
        1.3189254
      ],
      [
        103.763451,
        1.3186114
      ],
      [
        103.7635864,
        1.3183994
      ],
      [
        103.7636992,
        1.3182229
      ],
      [
        103.7641426,
        1.3175812
      ],
      [
        103.7644922,
        1.3170289
      ],
      [
        103.764531,
        1.3169567
      ],
      [
        103.7645978,
        1.3168362
      ],
      [
        103.764659,
        1.3167226
      ],
      [
        103.7647087,
        1.3166211
      ],
      [
        103.7648656,
        1.3163004
      ],
      [
        103.7648953,
        1.3162398
      ],
      [
        103.7649313,
        1.3161672
      ],
      [
        103.7649704,
        1.3160769
      ],
      [
        103.7649972,
        1.3160126
      ],
      [
        103.7650793,
        1.3158244
      ],
      [
        103.7652184,
        1.3155052
      ],
      [
        103.7652589,
        1.3154138
      ],
      [
        103.7653662,
        1.3151713
      ],
      [
        103.7655162,
        1.3148325
      ],
      [
        103.76558,
        1.3146857
      ],
      [
        103.7659325,
        1.3138921
      ],
      [
        103.765994,
        1.313776
      ],
      [
        103.7660629,
        1.3136764
      ],
      [
        103.766222,
        1.3134465
      ],
      [
        103.7663881,
        1.313238
      ],
      [
        103.7665203,
        1.3130904
      ],
      [
        103.7665366,
        1.3130769
      ],
      [
        103.766585,
        1.3130213
      ],
      [
        103.7666597,
        1.3129444
      ],
      [
        103.7667054,
        1.3129024
      ],
      [
        103.766852,
        1.3127689
      ],
      [
        103.7670004,
        1.3126488
      ],
      [
        103.7670855,
        1.3125782
      ],
      [
        103.7671796,
        1.3125115
      ],
      [
        103.7673185,
        1.3124261
      ],
      [
        103.7674711,
        1.3123731
      ],
      [
        103.7675958,
        1.312355
      ],
      [
        103.7676858,
        1.3123567
      ],
      [
        103.767766,
        1.3123706
      ],
      [
        103.7678229,
        1.3123923
      ],
      [
        103.7678948,
        1.3124322
      ],
      [
        103.7679488,
        1.3124814
      ],
      [
        103.7680838,
        1.3128104
      ],
      [
        103.7682482,
        1.3132396
      ],
      [
        103.7682866,
        1.3133397
      ],
      [
        103.7684354,
        1.3137279
      ],
      [
        103.7686056,
        1.3141538
      ],
      [
        103.7687042,
        1.314393
      ],
      [
        103.7688681,
        1.3147161
      ],
      [
        103.7690581,
        1.3150143
      ],
      [
        103.7692059,
        1.315217
      ],
      [
        103.7693131,
        1.3153336
      ],
      [
        103.769426,
        1.3154538
      ],
      [
        103.7695508,
        1.3155899
      ],
      [
        103.769563,
        1.3156007
      ],
      [
        103.7698581,
        1.3158484
      ],
      [
        103.7700784,
        1.3160287
      ],
      [
        103.7701753,
        1.3160832
      ],
      [
        103.7701871,
        1.3160905
      ],
      [
        103.7702322,
        1.3161184
      ],
      [
        103.7703056,
        1.3161594
      ],
      [
        103.7703442,
        1.3161776
      ],
      [
        103.770463,
        1.3162335
      ],
      [
        103.7705799,
        1.3162892
      ],
      [
        103.7707534,
        1.3163586
      ],
      [
        103.7709282,
        1.3164145
      ],
      [
        103.7710448,
        1.3164439
      ],
      [
        103.7711853,
        1.3164786
      ],
      [
        103.7713337,
        1.3165117
      ],
      [
        103.771407,
        1.3165629
      ],
      [
        103.7714542,
        1.3166025
      ],
      [
        103.7715115,
        1.3166574
      ],
      [
        103.7715463,
        1.3167218
      ],
      [
        103.7715647,
        1.316776
      ],
      [
        103.7715722,
        1.3169677
      ],
      [
        103.7714912,
        1.3173696
      ],
      [
        103.7714403,
        1.3175684
      ],
      [
        103.7714128,
        1.317676
      ],
      [
        103.7713696,
        1.3178449
      ],
      [
        103.7713214,
        1.3180331
      ],
      [
        103.7712328,
        1.31838
      ],
      [
        103.7711123,
        1.3188586
      ],
      [
        103.7711009,
        1.3189041
      ],
      [
        103.771082,
        1.3189782
      ],
      [
        103.7710504,
        1.3191032
      ],
      [
        103.7712525,
        1.3191523
      ],
      [
        103.7713552,
        1.3191756
      ],
      [
        103.7715863,
        1.3192093
      ],
      [
        103.7717125,
        1.3192277
      ],
      [
        103.7719243,
        1.3192585
      ],
      [
        103.7720179,
        1.3192767
      ],
      [
        103.7721109,
        1.3192985
      ],
      [
        103.7722217,
        1.3193333
      ],
      [
        103.77255,
        1.3194636
      ],
      [
        103.7726399,
        1.3195119
      ],
      [
        103.7727765,
        1.3195791
      ],
      [
        103.7734625,
        1.3198779
      ],
      [
        103.7735036,
        1.3198954
      ],
      [
        103.7737993,
        1.3200215
      ],
      [
        103.7739212,
        1.3200736
      ],
      [
        103.7739941,
        1.3201057
      ],
      [
        103.774126,
        1.3201609
      ],
      [
        103.7748118,
        1.3205117
      ],
      [
        103.7753653,
        1.320753
      ],
      [
        103.7755678,
        1.320804
      ],
      [
        103.7757777,
        1.3208231
      ],
      [
        103.7761828,
        1.3208092
      ],
      [
        103.7762305,
        1.3208079
      ],
      [
        103.776441,
        1.3208079
      ],
      [
        103.7767415,
        1.3208173
      ],
      [
        103.7769376,
        1.3208265
      ],
      [
        103.7770028,
        1.3208308
      ],
      [
        103.7771052,
        1.3208392
      ],
      [
        103.7774158,
        1.3208608
      ],
      [
        103.7780742,
        1.3209317
      ],
      [
        103.778368,
        1.3209636
      ],
      [
        103.779037,
        1.3210421
      ],
      [
        103.7791186,
        1.3210493
      ],
      [
        103.7792165,
        1.3210557
      ],
      [
        103.7793085,
        1.3210595
      ],
      [
        103.7793989,
        1.3210615
      ],
      [
        103.779454,
        1.3210608
      ],
      [
        103.7795217,
        1.3210589
      ],
      [
        103.7796599,
        1.3210498
      ],
      [
        103.7796948,
        1.3210472
      ],
      [
        103.7797943,
        1.321037
      ],
      [
        103.7798944,
        1.3210224
      ],
      [
        103.7799863,
        1.3210053
      ],
      [
        103.7800563,
        1.3209907
      ],
      [
        103.7801352,
        1.320972
      ],
      [
        103.7802102,
        1.3209525
      ],
      [
        103.780244,
        1.3209427
      ],
      [
        103.7802773,
        1.320933
      ],
      [
        103.7803769,
        1.3209004
      ],
      [
        103.7804697,
        1.3208656
      ],
      [
        103.7806025,
        1.3208127
      ],
      [
        103.7807375,
        1.3207549
      ],
      [
        103.7808617,
        1.3206971
      ],
      [
        103.7810038,
        1.3206316
      ],
      [
        103.781215,
        1.3205196
      ],
      [
        103.7813182,
        1.3204529
      ],
      [
        103.7814252,
        1.3203805
      ],
      [
        103.7815737,
        1.3202603
      ],
      [
        103.7821139,
        1.3197474
      ],
      [
        103.782465,
        1.3194195
      ],
      [
        103.7824936,
        1.3193917
      ],
      [
        103.7826945,
        1.3191882
      ],
      [
        103.7829032,
        1.3190127
      ],
      [
        103.7831021,
        1.3188552
      ],
      [
        103.7832558,
        1.318736
      ],
      [
        103.7835234,
        1.3185571
      ],
      [
        103.7836413,
        1.3184939
      ],
      [
        103.783698,
        1.3184711
      ],
      [
        103.7838387,
        1.3184214
      ],
      [
        103.7838717,
        1.3184127
      ],
      [
        103.7840625,
        1.3183741
      ],
      [
        103.7842542,
        1.3183486
      ],
      [
        103.7843358,
        1.3183378
      ],
      [
        103.7845447,
        1.3183101
      ],
      [
        103.784834,
        1.31828
      ],
      [
        103.7849811,
        1.3182582
      ],
      [
        103.7854814,
        1.3182103
      ],
      [
        103.7856518,
        1.3181879
      ],
      [
        103.7859757,
        1.3181386
      ],
      [
        103.7866022,
        1.3180435
      ],
      [
        103.7867839,
        1.3179722
      ],
      [
        103.7869894,
        1.3178767
      ],
      [
        103.7872842,
        1.3176699
      ],
      [
        103.787381,
        1.3175868
      ],
      [
        103.787416,
        1.3175493
      ],
      [
        103.7874609,
        1.3174998
      ],
      [
        103.7875264,
        1.3174284
      ],
      [
        103.7884146,
        1.3166092
      ],
      [
        103.7889379,
        1.316125
      ],
      [
        103.7894528,
        1.315677
      ],
      [
        103.7899109,
        1.315184
      ],
      [
        103.7901101,
        1.3149879
      ],
      [
        103.7901947,
        1.3149132
      ],
      [
        103.7903412,
        1.3147846
      ],
      [
        103.7905235,
        1.3146297
      ],
      [
        103.7909004,
        1.3143841
      ],
      [
        103.7911164,
        1.3142691
      ],
      [
        103.7913172,
        1.3141633
      ],
      [
        103.7915966,
        1.3140335
      ],
      [
        103.7918353,
        1.3139356
      ],
      [
        103.7923079,
        1.3137806
      ],
      [
        103.7928379,
        1.3136053
      ],
      [
        103.7929695,
        1.3135681
      ],
      [
        103.7930404,
        1.3135379
      ],
      [
        103.7930958,
        1.3135155
      ],
      [
        103.7931594,
        1.313482
      ],
      [
        103.7932288,
        1.3134393
      ],
      [
        103.7933252,
        1.3133783
      ],
      [
        103.7936718,
        1.3131552
      ],
      [
        103.7940429,
        1.3128523
      ],
      [
        103.7944318,
        1.3125496
      ],
      [
        103.794671,
        1.3123634
      ],
      [
        103.794828,
        1.3122575
      ],
      [
        103.7950148,
        1.312167
      ],
      [
        103.7952191,
        1.3121136
      ],
      [
        103.7954237,
        1.3120829
      ],
      [
        103.7956457,
        1.3120917
      ],
      [
        103.7958554,
        1.3121265
      ],
      [
        103.7959251,
        1.312149
      ],
      [
        103.7959636,
        1.3121708
      ],
      [
        103.7960402,
        1.3121966
      ],
      [
        103.7961584,
        1.3122549
      ],
      [
        103.7964462,
        1.3124114
      ],
      [
        103.7965187,
        1.3124452
      ],
      [
        103.7966225,
        1.3125036
      ],
      [
        103.7967166,
        1.312547
      ],
      [
        103.7969557,
        1.3126573
      ],
      [
        103.7971888,
        1.3127575
      ],
      [
        103.7973941,
        1.3128503
      ],
      [
        103.7975004,
        1.3128926
      ],
      [
        103.7978321,
        1.3129736
      ],
      [
        103.7979883,
        1.3129784
      ],
      [
        103.7982936,
        1.312942
      ],
      [
        103.7984316,
        1.312911
      ],
      [
        103.7987135,
        1.312791
      ],
      [
        103.7988974,
        1.312694
      ],
      [
        103.7991134,
        1.312562
      ],
      [
        103.799205,
        1.3125073
      ],
      [
        103.7996131,
        1.3122611
      ],
      [
        103.7997261,
        1.3122007
      ],
      [
        103.8001015,
        1.3120293
      ],
      [
        103.8004024,
        1.3118938
      ],
      [
        103.8008324,
        1.3117204
      ],
      [
        103.8010298,
        1.3116569
      ],
      [
        103.8012614,
        1.3115873
      ],
      [
        103.8016381,
        1.3114697
      ],
      [
        103.8017726,
        1.3114336
      ],
      [
        103.8021459,
        1.311337
      ],
      [
        103.8024746,
        1.3112537
      ],
      [
        103.8029379,
        1.3111222
      ],
      [
        103.8033887,
        1.3109998
      ],
      [
        103.8034522,
        1.310981
      ],
      [
        103.803754,
        1.3108978
      ],
      [
        103.8038446,
        1.3108726
      ],
      [
        103.8042353,
        1.3107744
      ],
      [
        103.8043741,
        1.3107251
      ],
      [
        103.8047086,
        1.3106325
      ],
      [
        103.8050361,
        1.3105436
      ],
      [
        103.8053326,
        1.3104588
      ],
      [
        103.805659,
        1.3103554
      ],
      [
        103.8063065,
        1.3101467
      ],
      [
        103.8065364,
        1.3100588
      ],
      [
        103.8069794,
        1.3098676
      ],
      [
        103.8073535,
        1.3097306
      ],
      [
        103.8076386,
        1.3096267
      ],
      [
        103.8079624,
        1.3095164
      ],
      [
        103.808124,
        1.3094603
      ],
      [
        103.8083376,
        1.3093582
      ],
      [
        103.8084204,
        1.3093107
      ],
      [
        103.8086057,
        1.3091917
      ],
      [
        103.8090197,
        1.3089318
      ],
      [
        103.8090978,
        1.3088812
      ],
      [
        103.8094388,
        1.3086708
      ],
      [
        103.8098797,
        1.3084042
      ],
      [
        103.8099613,
        1.3083574
      ],
      [
        103.8100571,
        1.3082989
      ],
      [
        103.8107164,
        1.307896
      ],
      [
        103.8108371,
        1.30782
      ],
      [
        103.8111327,
        1.3076515
      ],
      [
        103.8115133,
        1.3074267
      ],
      [
        103.8116771,
        1.3073386
      ],
      [
        103.8121828,
        1.3070333
      ],
      [
        103.812837,
        1.3066113
      ],
      [
        103.8130583,
        1.3065187
      ],
      [
        103.8132395,
        1.3064787
      ],
      [
        103.8134499,
        1.3064634
      ],
      [
        103.8136548,
        1.3064754
      ],
      [
        103.8140303,
        1.3065337
      ],
      [
        103.8142135,
        1.3065622
      ],
      [
        103.8143805,
        1.3065882
      ],
      [
        103.8148036,
        1.3066445
      ],
      [
        103.814911,
        1.3066588
      ],
      [
        103.8150171,
        1.3066761
      ],
      [
        103.8151701,
        1.3066933
      ],
      [
        103.8153015,
        1.3067094
      ],
      [
        103.8154795,
        1.306724
      ],
      [
        103.81582,
        1.3067091
      ],
      [
        103.8164065,
        1.3066641
      ],
      [
        103.8165897,
        1.3066442
      ],
      [
        103.8169038,
        1.3066037
      ],
      [
        103.8171562,
        1.3066042
      ],
      [
        103.8173395,
        1.3066202
      ],
      [
        103.8174282,
        1.3066322
      ],
      [
        103.8177015,
        1.3066992
      ],
      [
        103.817814,
        1.3067245
      ],
      [
        103.8181224,
        1.3067872
      ],
      [
        103.8184045,
        1.3068271
      ],
      [
        103.8184798,
        1.3068289
      ],
      [
        103.8187045,
        1.3068431
      ],
      [
        103.8187596,
        1.3068405
      ],
      [
        103.8188134,
        1.3068379
      ],
      [
        103.818907,
        1.3068362
      ],
      [
        103.8190387,
        1.3068327
      ],
      [
        103.8192152,
        1.3068208
      ],
      [
        103.8194166,
        1.3067875
      ],
      [
        103.8195239,
        1.3067718
      ],
      [
        103.8196334,
        1.3067525
      ],
      [
        103.8197065,
        1.3067285
      ],
      [
        103.8197941,
        1.3066971
      ],
      [
        103.8199258,
        1.3066518
      ],
      [
        103.8201665,
        1.3065524
      ],
      [
        103.8205742,
        1.3063463
      ],
      [
        103.8206344,
        1.306317
      ],
      [
        103.8208824,
        1.3061871
      ],
      [
        103.8210851,
        1.3060727
      ],
      [
        103.8212769,
        1.3059798
      ],
      [
        103.8215063,
        1.3058722
      ],
      [
        103.8215505,
        1.3058505
      ],
      [
        103.822115,
        1.3055621
      ],
      [
        103.8223078,
        1.305446
      ],
      [
        103.8224637,
        1.3053878
      ],
      [
        103.8225872,
        1.3053275
      ],
      [
        103.8227065,
        1.3052766
      ],
      [
        103.8228175,
        1.305248
      ],
      [
        103.8229021,
        1.3052429
      ],
      [
        103.8230714,
        1.3052482
      ],
      [
        103.8233225,
        1.305256
      ],
      [
        103.8235209,
        1.3052916
      ],
      [
        103.8236577,
        1.3052956
      ],
      [
        103.823789,
        1.3053049
      ],
      [
        103.8243741,
        1.30533
      ],
      [
        103.8245357,
        1.3053535
      ],
      [
        103.8247995,
        1.3054193
      ],
      [
        103.8249857,
        1.3055043
      ],
      [
        103.8251977,
        1.3056011
      ],
      [
        103.8255532,
        1.3058177
      ],
      [
        103.8256545,
        1.3058778
      ],
      [
        103.8260311,
        1.3061012
      ],
      [
        103.8261089,
        1.3061596
      ],
      [
        103.82614,
        1.3061829
      ],
      [
        103.8267028,
        1.3066052
      ],
      [
        103.8269951,
        1.3068186
      ],
      [
        103.8270735,
        1.3068757
      ],
      [
        103.8271024,
        1.3068939
      ],
      [
        103.8271267,
        1.3069101
      ],
      [
        103.8271647,
        1.3069335
      ],
      [
        103.8271737,
        1.3069395
      ],
      [
        103.8273525,
        1.3070506
      ],
      [
        103.827446,
        1.3070954
      ],
      [
        103.8275631,
        1.3071337
      ],
      [
        103.8276996,
        1.3071505
      ],
      [
        103.8277208,
        1.3071487
      ],
      [
        103.8277721,
        1.3071443
      ],
      [
        103.8278252,
        1.3071362
      ],
      [
        103.8278833,
        1.3071218
      ],
      [
        103.8279413,
        1.3070989
      ],
      [
        103.8281004,
        1.3070223
      ],
      [
        103.8284095,
        1.3068733
      ],
      [
        103.8284674,
        1.3068453
      ],
      [
        103.828674,
        1.3067453
      ],
      [
        103.8287006,
        1.3067325
      ],
      [
        103.8287713,
        1.306699
      ],
      [
        103.8288805,
        1.3066402
      ],
      [
        103.8292834,
        1.3064201
      ],
      [
        103.8298776,
        1.3061146
      ],
      [
        103.8299021,
        1.3061021
      ],
      [
        103.8299134,
        1.3060961
      ],
      [
        103.8300615,
        1.3060184
      ],
      [
        103.8301117,
        1.3059917
      ],
      [
        103.8301448,
        1.3059744
      ],
      [
        103.8302704,
        1.3059088
      ],
      [
        103.8304767,
        1.3057956
      ],
      [
        103.8306181,
        1.3057207
      ],
      [
        103.8308001,
        1.3056286
      ],
      [
        103.8309188,
        1.3055705
      ],
      [
        103.8310837,
        1.3054851
      ],
      [
        103.831418,
        1.305295
      ],
      [
        103.8315945,
        1.305198
      ],
      [
        103.8317012,
        1.3051295
      ],
      [
        103.8318399,
        1.3050396
      ],
      [
        103.8322644,
        1.3047968
      ],
      [
        103.8322866,
        1.3047841
      ],
      [
        103.8323264,
        1.3047617
      ],
      [
        103.8324948,
        1.3046666
      ],
      [
        103.8325992,
        1.304608
      ],
      [
        103.8329914,
        1.3043877
      ],
      [
        103.8332644,
        1.3042467
      ],
      [
        103.8337941,
        1.3039729
      ],
      [
        103.8341395,
        1.3037979
      ],
      [
        103.8342408,
        1.3037465
      ],
      [
        103.8343481,
        1.3036921
      ],
      [
        103.8343779,
        1.303677
      ],
      [
        103.8346182,
        1.3035484
      ],
      [
        103.8347183,
        1.3034936
      ],
      [
        103.8351571,
        1.3032537
      ],
      [
        103.8357661,
        1.3029095
      ],
      [
        103.8358887,
        1.3028412
      ],
      [
        103.8359878,
        1.302781
      ],
      [
        103.8359941,
        1.3027776
      ],
      [
        103.8361317,
        1.3027055
      ],
      [
        103.8361674,
        1.3026855
      ],
      [
        103.836584,
        1.3024526
      ],
      [
        103.8373803,
        1.3020054
      ],
      [
        103.8374798,
        1.3019496
      ],
      [
        103.8375571,
        1.3019062
      ],
      [
        103.8377859,
        1.3017933
      ],
      [
        103.8379684,
        1.3017149
      ],
      [
        103.8381377,
        1.3016407
      ],
      [
        103.8387816,
        1.3013408
      ],
      [
        103.8388956,
        1.3012973
      ],
      [
        103.8389486,
        1.3012785
      ],
      [
        103.8395454,
        1.3010774
      ],
      [
        103.8398974,
        1.3009661
      ],
      [
        103.8400133,
        1.3009327
      ],
      [
        103.8405638,
        1.3007732
      ],
      [
        103.8406704,
        1.3007427
      ],
      [
        103.841123,
        1.3005966
      ],
      [
        103.8412588,
        1.3005494
      ],
      [
        103.8419492,
        1.3003426
      ],
      [
        103.8428421,
        1.3000755
      ],
      [
        103.8428649,
        1.3000691
      ],
      [
        103.8429499,
        1.3000417
      ],
      [
        103.8431335,
        1.2999773
      ],
      [
        103.8435446,
        1.2998446
      ],
      [
        103.8436685,
        1.2998015
      ],
      [
        103.8438222,
        1.299748
      ],
      [
        103.8439846,
        1.2996931
      ],
      [
        103.8442578,
        1.2996008
      ],
      [
        103.844592,
        1.2994879
      ],
      [
        103.8448857,
        1.29939
      ],
      [
        103.845461,
        1.299203
      ],
      [
        103.8457049,
        1.2991257
      ],
      [
        103.8457167,
        1.299122
      ],
      [
        103.845733,
        1.2991169
      ],
      [
        103.8457575,
        1.2991091
      ],
      [
        103.8458124,
        1.2990917
      ],
      [
        103.8463783,
        1.298908
      ],
      [
        103.8465819,
        1.2988347
      ],
      [
        103.8467733,
        1.2987639
      ],
      [
        103.8469449,
        1.2987223
      ],
      [
        103.8471133,
        1.2986962
      ],
      [
        103.8473037,
        1.2986888
      ],
      [
        103.8473514,
        1.2986907
      ],
      [
        103.8474666,
        1.2986928
      ],
      [
        103.8475317,
        1.2986942
      ],
      [
        103.8480493,
        1.2987257
      ],
      [
        103.848166,
        1.2987297
      ],
      [
        103.8483779,
        1.2987243
      ],
      [
        103.8485388,
        1.2986801
      ],
      [
        103.8485558,
        1.2986733
      ],
      [
        103.848595,
        1.2986574
      ],
      [
        103.8486566,
        1.2986176
      ],
      [
        103.8487115,
        1.2985833
      ],
      [
        103.8487849,
        1.2985263
      ],
      [
        103.849494,
        1.2979713
      ],
      [
        103.8495583,
        1.2979207
      ],
      [
        103.8495898,
        1.2978959
      ],
      [
        103.8496064,
        1.2978828
      ],
      [
        103.8497208,
        1.2977928
      ],
      [
        103.8499544,
        1.2976056
      ],
      [
        103.850139,
        1.2974549
      ],
      [
        103.8502759,
        1.2973461
      ],
      [
        103.8503328,
        1.2973008
      ],
      [
        103.8506353,
        1.2970604
      ],
      [
        103.8506786,
        1.297026
      ],
      [
        103.8508325,
        1.2969036
      ],
      [
        103.8508556,
        1.2968853
      ],
      [
        103.8510876,
        1.2967008
      ],
      [
        103.8511117,
        1.2966816
      ],
      [
        103.8518683,
        1.2960619
      ],
      [
        103.8519011,
        1.2960284
      ],
      [
        103.8520195,
        1.2959364
      ],
      [
        103.8520509,
        1.2959104
      ],
      [
        103.8523784,
        1.2956728
      ],
      [
        103.8525329,
        1.2955563
      ],
      [
        103.8528475,
        1.2953191
      ],
      [
        103.8530449,
        1.2951699
      ],
      [
        103.8531036,
        1.2951261
      ],
      [
        103.8532241,
        1.2950321
      ],
      [
        103.8534533,
        1.2948623
      ],
      [
        103.8538919,
        1.2945341
      ],
      [
        103.8540128,
        1.294437
      ],
      [
        103.8541121,
        1.2943592
      ],
      [
        103.8542348,
        1.294267
      ],
      [
        103.8545651,
        1.2940015
      ],
      [
        103.8546543,
        1.2939345
      ],
      [
        103.8547866,
        1.2938316
      ],
      [
        103.8553292,
        1.2934669
      ],
      [
        103.8557229,
        1.2932314
      ],
      [
        103.8558226,
        1.293172
      ],
      [
        103.8559769,
        1.2930831
      ],
      [
        103.8562154,
        1.2929484
      ],
      [
        103.856514,
        1.2927809
      ],
      [
        103.8568682,
        1.2925727
      ],
      [
        103.8569856,
        1.2925027
      ],
      [
        103.8570723,
        1.2924516
      ],
      [
        103.857176,
        1.2923891
      ],
      [
        103.8572319,
        1.2923557
      ],
      [
        103.8573318,
        1.2923828
      ],
      [
        103.8573936,
        1.2924033
      ],
      [
        103.8574398,
        1.2924234
      ],
      [
        103.8574874,
        1.2924496
      ],
      [
        103.8575247,
        1.292484
      ],
      [
        103.8576639,
        1.2927167
      ],
      [
        103.8577737,
        1.2928992
      ],
      [
        103.8580556,
        1.2933924
      ],
      [
        103.8582405,
        1.2937113
      ],
      [
        103.858378,
        1.2939486
      ],
      [
        103.8585234,
        1.2941993
      ],
      [
        103.8585949,
        1.2943162
      ],
      [
        103.8586093,
        1.2943574
      ],
      [
        103.8586146,
        1.294403
      ],
      [
        103.8586084,
        1.2944522
      ],
      [
        103.8585826,
        1.2945378
      ],
      [
        103.8585515,
        1.2945931
      ],
      [
        103.8585259,
        1.2946673
      ],
      [
        103.8585155,
        1.294745
      ],
      [
        103.8585207,
        1.2948233
      ],
      [
        103.8585357,
        1.2948837
      ],
      [
        103.8585601,
        1.2949409
      ],
      [
        103.8585931,
        1.2949936
      ],
      [
        103.858634,
        1.2950405
      ],
      [
        103.8586628,
        1.2950661
      ],
      [
        103.8587333,
        1.2951114
      ],
      [
        103.8588117,
        1.2951408
      ],
      [
        103.8588945,
        1.295153
      ],
      [
        103.8589781,
        1.2951475
      ],
      [
        103.8590445,
        1.2951299
      ],
      [
        103.8591068,
        1.2951011
      ],
      [
        103.8591632,
        1.295062
      ],
      [
        103.8592119,
        1.2950136
      ],
      [
        103.8592516,
        1.2949576
      ],
      [
        103.8592762,
        1.294908
      ],
      [
        103.8592965,
        1.2948429
      ],
      [
        103.8593052,
        1.2947752
      ],
      [
        103.859302,
        1.2947068
      ],
      [
        103.8592898,
        1.294648
      ],
      [
        103.8593411,
        1.2945805
      ],
      [
        103.8595942,
        1.2944337
      ],
      [
        103.8598415,
        1.2942903
      ],
      [
        103.8598839,
        1.2942657
      ],
      [
        103.8601112,
        1.2941242
      ],
      [
        103.8605153,
        1.2938794
      ],
      [
        103.8605813,
        1.2938426
      ],
      [
        103.8606524,
        1.2937867
      ],
      [
        103.8606844,
        1.2937562
      ],
      [
        103.8607259,
        1.2937071
      ],
      [
        103.8607869,
        1.2936014
      ],
      [
        103.8608285,
        1.2934982
      ],
      [
        103.8608601,
        1.2933929
      ],
      [
        103.8608853,
        1.2930274
      ],
      [
        103.860903,
        1.2926215
      ],
      [
        103.8609142,
        1.2921903
      ],
      [
        103.8609193,
        1.2920199
      ],
      [
        103.8609199,
        1.2918804
      ],
      [
        103.8609258,
        1.2916996
      ],
      [
        103.8609354,
        1.291417
      ],
      [
        103.8609332,
        1.2913321
      ],
      [
        103.8609361,
        1.2912346
      ],
      [
        103.860962,
        1.29038
      ],
      [
        103.8609834,
        1.2896744
      ],
      [
        103.8609842,
        1.2896462
      ],
      [
        103.8609857,
        1.2895592
      ],
      [
        103.8609892,
        1.289483
      ],
      [
        103.8609897,
        1.2894653
      ],
      [
        103.8609981,
        1.2891903
      ],
      [
        103.860901,
        1.2858569
      ],
      [
        103.8608914,
        1.2855271
      ],
      [
        103.8608828,
        1.2854291
      ],
      [
        103.8608243,
        1.2850303
      ],
      [
        103.8608051,
        1.2849576
      ],
      [
        103.860803,
        1.2849482
      ],
      [
        103.8607807,
        1.2848685
      ],
      [
        103.860715,
        1.2846556
      ],
      [
        103.8606539,
        1.2844605
      ],
      [
        103.8605874,
        1.2842848
      ],
      [
        103.8604935,
        1.2840732
      ],
      [
        103.8604043,
        1.2839098
      ],
      [
        103.8602821,
        1.2837086
      ],
      [
        103.8601491,
        1.2835076
      ],
      [
        103.8598087,
        1.2829571
      ],
      [
        103.8595504,
        1.2824792
      ],
      [
        103.8595121,
        1.282417
      ],
      [
        103.859437,
        1.2823044
      ],
      [
        103.859408,
        1.2822628
      ],
      [
        103.8590254,
        1.2816669
      ],
      [
        103.8589403,
        1.2815277
      ],
      [
        103.8588872,
        1.2814466
      ],
      [
        103.8586299,
        1.2810611
      ],
      [
        103.8585788,
        1.2809853
      ],
      [
        103.8585116,
        1.2808892
      ],
      [
        103.8584731,
        1.2808332
      ],
      [
        103.8580311,
        1.2801208
      ],
      [
        103.857717,
        1.2796503
      ],
      [
        103.857653,
        1.279553
      ],
      [
        103.8573119,
        1.2789883
      ],
      [
        103.8572079,
        1.2788165
      ],
      [
        103.8571495,
        1.2787236
      ],
      [
        103.8567185,
        1.2780433
      ],
      [
        103.8565392,
        1.2777605
      ],
      [
        103.856289,
        1.2773813
      ],
      [
        103.8562118,
        1.2772644
      ],
      [
        103.8560929,
        1.2773425
      ],
      [
        103.8559886,
        1.277411
      ],
      [
        103.8553351,
        1.27784
      ],
      [
        103.8552258,
        1.2779108
      ],
      [
        103.8549895,
        1.278067
      ],
      [
        103.8547052,
        1.2782536
      ],
      [
        103.8546153,
        1.2783126
      ],
      [
        103.854544,
        1.2783594
      ],
      [
        103.8539363,
        1.2787584
      ],
      [
        103.8537637,
        1.2788717
      ],
      [
        103.85325,
        1.279209
      ],
      [
        103.8531841,
        1.2792523
      ],
      [
        103.8531022,
        1.2793061
      ],
      [
        103.8528069,
        1.2794999
      ],
      [
        103.852512,
        1.2796935
      ],
      [
        103.852479,
        1.2797152
      ],
      [
        103.8524334,
        1.2797452
      ],
      [
        103.8523789,
        1.2797809
      ],
      [
        103.8523141,
        1.2798235
      ],
      [
        103.8521817,
        1.2799104
      ],
      [
        103.851976,
        1.2800386
      ],
      [
        103.8518734,
        1.2801189
      ],
      [
        103.8515053,
        1.2804255
      ],
      [
        103.8511721,
        1.2806591
      ],
      [
        103.8510547,
        1.2807498
      ],
      [
        103.8505993,
        1.2800134
      ],
      [
        103.8505593,
        1.2799487
      ],
      [
        103.8502458,
        1.279421
      ],
      [
        103.8500047,
        1.2790151
      ],
      [
        103.8499108,
        1.2788687
      ],
      [
        103.8498119,
        1.2787145
      ],
      [
        103.8496182,
        1.2783984
      ],
      [
        103.8495895,
        1.2783516
      ],
      [
        103.8495351,
        1.2782591
      ],
      [
        103.8495062,
        1.2782142
      ],
      [
        103.8491009,
        1.2775194
      ],
      [
        103.8490242,
        1.2773896
      ],
      [
        103.8488901,
        1.2771626
      ],
      [
        103.8487622,
        1.2769574
      ],
      [
        103.8487242,
        1.2768974
      ],
      [
        103.8482674,
        1.2761757
      ],
      [
        103.8482079,
        1.2760817
      ],
      [
        103.84812,
        1.2759524
      ],
      [
        103.8480702,
        1.2758823
      ],
      [
        103.8478787,
        1.2756103
      ],
      [
        103.8478554,
        1.2755773
      ],
      [
        103.8475899,
        1.2751584
      ],
      [
        103.84753,
        1.2750774
      ],
      [
        103.8474839,
        1.2749989
      ],
      [
        103.8474379,
        1.2749354
      ],
      [
        103.8473428,
        1.2748053
      ],
      [
        103.8467498,
        1.2741432
      ],
      [
        103.8466416,
        1.2740145
      ],
      [
        103.8466293,
        1.2740005
      ],
      [
        103.8463864,
        1.2737238
      ],
      [
        103.8463319,
        1.2736617
      ],
      [
        103.8462884,
        1.2736127
      ],
      [
        103.8461736,
        1.2734806
      ],
      [
        103.8461196,
        1.2734157
      ],
      [
        103.8460739,
        1.273357
      ],
      [
        103.8459364,
        1.2731708
      ],
      [
        103.8459264,
        1.2731573
      ],
      [
        103.84591,
        1.2731354
      ],
      [
        103.8456995,
        1.2728845
      ],
      [
        103.8456443,
        1.2728338
      ],
      [
        103.8456032,
        1.2727926
      ],
      [
        103.8453495,
        1.27251
      ],
      [
        103.8452465,
        1.2725192
      ],
      [
        103.845085,
        1.2725315
      ],
      [
        103.844939,
        1.2725332
      ],
      [
        103.844523,
        1.2725288
      ],
      [
        103.8443438,
        1.2725284
      ],
      [
        103.8441254,
        1.2725215
      ],
      [
        103.8439923,
        1.2725191
      ],
      [
        103.8438968,
        1.2725175
      ],
      [
        103.8437841,
        1.2725155
      ],
      [
        103.8437047,
        1.2725125
      ],
      [
        103.8430631,
        1.2724981
      ],
      [
        103.8426387,
        1.2724802
      ],
      [
        103.8419184,
        1.2724541
      ],
      [
        103.8418426,
        1.2724515
      ],
      [
        103.8417967,
        1.2724482
      ],
      [
        103.8416174,
        1.272444
      ],
      [
        103.8413559,
        1.2724333
      ],
      [
        103.8400482,
        1.2723902
      ],
      [
        103.8399497,
        1.272387
      ],
      [
        103.8398219,
        1.2723838
      ],
      [
        103.8394381,
        1.2723716
      ],
      [
        103.8392826,
        1.272366
      ],
      [
        103.8383263,
        1.2723354
      ],
      [
        103.8370119,
        1.2722843
      ],
      [
        103.8367486,
        1.2722805
      ],
      [
        103.8363132,
        1.2722741
      ],
      [
        103.8362554,
        1.2722733
      ],
      [
        103.836021,
        1.2722241
      ],
      [
        103.8357487,
        1.2722107
      ],
      [
        103.8353387,
        1.2721849
      ],
      [
        103.8350791,
        1.2721776
      ],
      [
        103.8332324,
        1.2721228
      ],
      [
        103.8328589,
        1.2721215
      ],
      [
        103.8326209,
        1.2721297
      ],
      [
        103.8324796,
        1.27214
      ],
      [
        103.8323995,
        1.272155
      ],
      [
        103.832305,
        1.2721787
      ],
      [
        103.8321763,
        1.2722216
      ],
      [
        103.8320403,
        1.2722816
      ],
      [
        103.8318955,
        1.2723685
      ],
      [
        103.8317618,
        1.2724701
      ],
      [
        103.8316206,
        1.2725896
      ],
      [
        103.8304955,
        1.2735959
      ],
      [
        103.8302198,
        1.2738668
      ],
      [
        103.8296789,
        1.2743792
      ],
      [
        103.8295348,
        1.2745253
      ],
      [
        103.8293115,
        1.2747887
      ],
      [
        103.8291372,
        1.2749365
      ],
      [
        103.8286807,
        1.2753106
      ],
      [
        103.8285021,
        1.2754693
      ],
      [
        103.8277442,
        1.2760725
      ],
      [
        103.8268504,
        1.2767477
      ],
      [
        103.8266213,
        1.2769252
      ],
      [
        103.8263906,
        1.2770564
      ],
      [
        103.8258983,
        1.2773005
      ],
      [
        103.8249059,
        1.2778584
      ],
      [
        103.8243581,
        1.2781951
      ],
      [
        103.8240975,
        1.2783232
      ],
      [
        103.8238907,
        1.2784031
      ],
      [
        103.8234287,
        1.2785582
      ],
      [
        103.8230847,
        1.2786504
      ],
      [
        103.8228755,
        1.2786893
      ],
      [
        103.8225009,
        1.2787364
      ],
      [
        103.8222655,
        1.2787592
      ],
      [
        103.8216371,
        1.2787839
      ],
      [
        103.8212999,
        1.2788065
      ],
      [
        103.8210576,
        1.2788227
      ],
      [
        103.8204361,
        1.278937
      ],
      [
        103.8201526,
        1.2789946
      ],
      [
        103.8192369,
        1.2793641
      ],
      [
        103.8183442,
        1.2799119
      ],
      [
        103.8179174,
        1.2801826
      ],
      [
        103.8175604,
        1.2804198
      ],
      [
        103.817392,
        1.2805316
      ],
      [
        103.8169524,
        1.2807947
      ],
      [
        103.8151996,
        1.2818869
      ],
      [
        103.8149278,
        1.282047
      ],
      [
        103.8144946,
        1.2823023
      ],
      [
        103.8137264,
        1.2826608
      ],
      [
        103.8130997,
        1.2829117
      ],
      [
        103.8123742,
        1.2831295
      ],
      [
        103.8116568,
        1.2832973
      ],
      [
        103.810907,
        1.2834107
      ],
      [
        103.8101484,
        1.2834676
      ],
      [
        103.8082389,
        1.2835882
      ],
      [
        103.8079533,
        1.2836062
      ],
      [
        103.8060317,
        1.2837276
      ],
      [
        103.8020442,
        1.2839744
      ],
      [
        103.8012387,
        1.2840621
      ],
      [
        103.8007299,
        1.2841756
      ],
      [
        103.8001727,
        1.2843621
      ],
      [
        103.7996393,
        1.284633
      ],
      [
        103.7990593,
        1.284988
      ],
      [
        103.7986637,
        1.2852693
      ],
      [
        103.7980644,
        1.2856717
      ],
      [
        103.7966797,
        1.2866012
      ],
      [
        103.7963672,
        1.2867782
      ],
      [
        103.7961352,
        1.2869216
      ],
      [
        103.7950771,
        1.2875029
      ],
      [
        103.7949456,
        1.2875854
      ],
      [
        103.7948277,
        1.2876554
      ],
      [
        103.7945184,
        1.2878409
      ],
      [
        103.7941121,
        1.2881001
      ],
      [
        103.7933161,
        1.2886785
      ],
      [
        103.7931537,
        1.2888125
      ],
      [
        103.7930519,
        1.2888964
      ],
      [
        103.7926979,
        1.2891884
      ],
      [
        103.7925716,
        1.2892925
      ],
      [
        103.7921288,
        1.2896442
      ],
      [
        103.7917735,
        1.2898892
      ],
      [
        103.7915757,
        1.2900256
      ],
      [
        103.789756,
        1.2911522
      ],
      [
        103.7887097,
        1.2918265
      ],
      [
        103.788507,
        1.2919468
      ],
      [
        103.7877731,
        1.2924602
      ],
      [
        103.787654,
        1.2925596
      ],
      [
        103.7871848,
        1.2929869
      ],
      [
        103.7865151,
        1.2935205
      ],
      [
        103.7863092,
        1.2937319
      ],
      [
        103.7860939,
        1.2939876
      ],
      [
        103.7857504,
        1.2944252
      ],
      [
        103.7856839,
        1.2945138
      ],
      [
        103.785578,
        1.294635
      ],
      [
        103.7854738,
        1.2947633
      ],
      [
        103.7852416,
        1.2950197
      ],
      [
        103.7846442,
        1.2957248
      ],
      [
        103.7843839,
        1.2960235
      ],
      [
        103.784231,
        1.2961989
      ],
      [
        103.7841785,
        1.2962592
      ],
      [
        103.7838616,
        1.2966046
      ],
      [
        103.7833939,
        1.2970416
      ],
      [
        103.7831114,
        1.2972687
      ],
      [
        103.7828113,
        1.2974824
      ],
      [
        103.7823044,
        1.2977727
      ],
      [
        103.7817746,
        1.2980856
      ],
      [
        103.7811524,
        1.2984307
      ],
      [
        103.780483,
        1.298811
      ],
      [
        103.780076,
        1.2990377
      ],
      [
        103.7800263,
        1.2990654
      ],
      [
        103.7788591,
        1.2997843
      ],
      [
        103.7787911,
        1.2998322
      ],
      [
        103.7785919,
        1.2999551
      ],
      [
        103.7778475,
        1.3004144
      ],
      [
        103.7774456,
        1.3006282
      ],
      [
        103.7767431,
        1.3010616
      ],
      [
        103.7764783,
        1.3012231
      ],
      [
        103.7745433,
        1.3023289
      ],
      [
        103.7744616,
        1.3023752
      ],
      [
        103.7744013,
        1.3024148
      ],
      [
        103.7740059,
        1.3026453
      ],
      [
        103.7733795,
        1.3029859
      ],
      [
        103.7731372,
        1.3031416
      ],
      [
        103.7724008,
        1.3035137
      ],
      [
        103.7718182,
        1.3037733
      ],
      [
        103.771396,
        1.3039649
      ],
      [
        103.7709495,
        1.3041637
      ],
      [
        103.7701897,
        1.3045525
      ],
      [
        103.7695409,
        1.3049372
      ],
      [
        103.7689527,
        1.3053514
      ],
      [
        103.7682995,
        1.3058059
      ],
      [
        103.7679103,
        1.3061213
      ],
      [
        103.7676954,
        1.3063032
      ],
      [
        103.767162,
        1.3067702
      ],
      [
        103.7667284,
        1.3072301
      ],
      [
        103.7666491,
        1.3073506
      ],
      [
        103.7665059,
        1.3075501
      ],
      [
        103.766011,
        1.3082296
      ],
      [
        103.7657841,
        1.3085412
      ],
      [
        103.7655406,
        1.3088755
      ],
      [
        103.764981,
        1.3095755
      ],
      [
        103.7648618,
        1.3097155
      ],
      [
        103.7644472,
        1.310181
      ],
      [
        103.7643323,
        1.3103161
      ],
      [
        103.7641542,
        1.3105251
      ],
      [
        103.7640961,
        1.3105834
      ],
      [
        103.7639829,
        1.310697
      ],
      [
        103.7637614,
        1.3109192
      ],
      [
        103.7635748,
        1.3111065
      ],
      [
        103.7635324,
        1.311149
      ],
      [
        103.7633537,
        1.3113226
      ],
      [
        103.7633038,
        1.311371
      ],
      [
        103.7627538,
        1.3119049
      ],
      [
        103.7627102,
        1.311906
      ],
      [
        103.7626686,
        1.3119221
      ],
      [
        103.7626297,
        1.311959
      ],
      [
        103.7624835,
        1.3121078
      ],
      [
        103.762345,
        1.3122278
      ],
      [
        103.761918,
        1.3126135
      ],
      [
        103.7618081,
        1.3127212
      ],
      [
        103.7615938,
        1.3127943
      ],
      [
        103.7614998,
        1.3128298
      ],
      [
        103.7613853,
        1.3128479
      ],
      [
        103.7608843,
        1.3128592
      ],
      [
        103.7606623,
        1.3128642
      ],
      [
        103.7605424,
        1.3128756
      ],
      [
        103.7604444,
        1.3129069
      ],
      [
        103.7603654,
        1.3129506
      ],
      [
        103.7602915,
        1.3130074
      ],
      [
        103.7602373,
        1.3130835
      ],
      [
        103.7601949,
        1.3131911
      ],
      [
        103.7601707,
        1.3132987
      ],
      [
        103.7601721,
        1.3134137
      ],
      [
        103.7601858,
        1.313517
      ],
      [
        103.7602979,
        1.313945
      ],
      [
        103.7606253,
        1.315192
      ],
      [
        103.7606651,
        1.3152933
      ],
      [
        103.7607482,
        1.3155066
      ],
      [
        103.7608947,
        1.3158108
      ],
      [
        103.7609588,
        1.3159219
      ],
      [
        103.761026,
        1.3160385
      ],
      [
        103.7611407,
        1.3161733
      ],
      [
        103.7613965,
        1.3164585
      ],
      [
        103.7618422,
        1.316979
      ],
      [
        103.7618652,
        1.317092
      ],
      [
        103.7618861,
        1.3171317
      ],
      [
        103.7620261,
        1.3173652
      ],
      [
        103.7621378,
        1.3175372
      ],
      [
        103.7622321,
        1.3176902
      ],
      [
        103.7623347,
        1.3178512
      ],
      [
        103.7624521,
        1.3180737
      ],
      [
        103.7627519,
        1.3186161
      ],
      [
        103.76276,
        1.318776
      ],
      [
        103.7627592,
        1.3188471
      ],
      [
        103.7627544,
        1.3190027
      ],
      [
        103.7627298,
        1.3191995
      ],
      [
        103.7627003,
        1.3192826
      ],
      [
        103.7626413,
        1.3194432
      ],
      [
        103.7625164,
        1.3196227
      ],
      [
        103.7622727,
        1.3200046
      ],
      [
        103.7621494,
        1.3201978
      ],
      [
        103.7620103,
        1.3204157
      ],
      [
        103.7619562,
        1.3205004
      ],
      [
        103.7618701,
        1.3206354
      ],
      [
        103.7618428,
        1.3206727
      ],
      [
        103.7614999,
        1.3211885
      ],
      [
        103.7612504,
        1.3215775
      ],
      [
        103.7611401,
        1.3217407
      ],
      [
        103.7610961,
        1.3218033
      ],
      [
        103.7605085,
        1.3226861
      ],
      [
        103.7596979,
        1.3238013
      ],
      [
        103.7595431,
        1.3239935
      ],
      [
        103.7593621,
        1.3241906
      ],
      [
        103.7590724,
        1.3244641
      ],
      [
        103.7587802,
        1.3247181
      ],
      [
        103.7582896,
        1.3250691
      ],
      [
        103.7579608,
        1.3252381
      ],
      [
        103.757703,
        1.3253795
      ],
      [
        103.7573398,
        1.3255639
      ],
      [
        103.7569542,
        1.3257403
      ],
      [
        103.7563084,
        1.3259739
      ],
      [
        103.7556342,
        1.3262158
      ],
      [
        103.7552928,
        1.3263496
      ],
      [
        103.7551029,
        1.326416
      ],
      [
        103.7549575,
        1.3264608
      ],
      [
        103.7546454,
        1.326557
      ],
      [
        103.7537046,
        1.326861
      ],
      [
        103.7527625,
        1.3272019
      ],
      [
        103.75256,
        1.327277
      ],
      [
        103.7523882,
        1.3273411
      ],
      [
        103.7522862,
        1.3273775
      ],
      [
        103.752044,
        1.3274818
      ],
      [
        103.7520129,
        1.327495
      ],
      [
        103.7519343,
        1.3275365
      ],
      [
        103.7518731,
        1.3275655
      ],
      [
        103.7517114,
        1.3276421
      ],
      [
        103.7509136,
        1.3280706
      ],
      [
        103.7507075,
        1.3281797
      ],
      [
        103.7504345,
        1.3283738
      ],
      [
        103.7501362,
        1.3285859
      ],
      [
        103.7500325,
        1.3286596
      ],
      [
        103.7499834,
        1.3287011
      ],
      [
        103.7496133,
        1.329014
      ],
      [
        103.7492562,
        1.3293252
      ],
      [
        103.7490095,
        1.3295517
      ],
      [
        103.7487963,
        1.3297433
      ],
      [
        103.7482066,
        1.3302652
      ],
      [
        103.7480176,
        1.3304325
      ],
      [
        103.7476949,
        1.3307379
      ],
      [
        103.7474572,
        1.3309603
      ],
      [
        103.7472408,
        1.3311596
      ],
      [
        103.7470975,
        1.33127
      ],
      [
        103.7468907,
        1.3314413
      ],
      [
        103.746849,
        1.3314756
      ],
      [
        103.7467055,
        1.3316012
      ],
      [
        103.7468195,
        1.3317614
      ],
      [
        103.7468772,
        1.3318335
      ],
      [
        103.7470443,
        1.3320422
      ],
      [
        103.7471022,
        1.3321124
      ],
      [
        103.7472975,
        1.3323879
      ],
      [
        103.7474458,
        1.3326237
      ],
      [
        103.7477577,
        1.3331544
      ],
      [
        103.7477891,
        1.3333184
      ],
      [
        103.7478206,
        1.3334793
      ],
      [
        103.747836,
        1.3336952
      ],
      [
        103.7478316,
        1.3339982
      ],
      [
        103.7477799,
        1.3344698
      ],
      [
        103.7477387,
        1.3350419
      ],
      [
        103.7477174,
        1.3352725
      ],
      [
        103.7477104,
        1.3353344
      ],
      [
        103.7476904,
        1.3354931
      ],
      [
        103.7476807,
        1.3355706
      ],
      [
        103.7475772,
        1.3362959
      ],
      [
        103.7475742,
        1.3363228
      ],
      [
        103.7475635,
        1.3364228
      ],
      [
        103.7475575,
        1.3365019
      ],
      [
        103.747545,
        1.3366654
      ],
      [
        103.7475404,
        1.3367059
      ],
      [
        103.7475257,
        1.3369886
      ],
      [
        103.7475169,
        1.3372735
      ],
      [
        103.7475067,
        1.3375551
      ],
      [
        103.7474947,
        1.337826
      ],
      [
        103.7474845,
        1.3383419
      ],
      [
        103.7474536,
        1.338425
      ],
      [
        103.747432,
        1.338473
      ],
      [
        103.7474056,
        1.3385239
      ],
      [
        103.747383,
        1.338554
      ],
      [
        103.7473646,
        1.3385835
      ],
      [
        103.7473265,
        1.3386096
      ],
      [
        103.7472741,
        1.3386431
      ],
      [
        103.7471662,
        1.3386867
      ],
      [
        103.7468509,
        1.3387692
      ],
      [
        103.7466672,
        1.3388168
      ],
      [
        103.7466616,
        1.3388184
      ],
      [
        103.7463775,
        1.3388999
      ],
      [
        103.7462313,
        1.3389602
      ],
      [
        103.7460865,
        1.3390407
      ],
      [
        103.7458143,
        1.3392378
      ],
      [
        103.7456907,
        1.3393285
      ],
      [
        103.7456113,
        1.3393861
      ],
      [
        103.7451628,
        1.3397114
      ],
      [
        103.7446378,
        1.3400923
      ],
      [
        103.7446178,
        1.3401067
      ],
      [
        103.7445203,
        1.3401775
      ],
      [
        103.7441238,
        1.3403995
      ],
      [
        103.7440239,
        1.3404565
      ],
      [
        103.7439026,
        1.3405263
      ],
      [
        103.7435147,
        1.3407493
      ],
      [
        103.7434082,
        1.340809
      ],
      [
        103.7433218,
        1.3408601
      ],
      [
        103.7431897,
        1.3409264
      ],
      [
        103.743127,
        1.340954
      ],
      [
        103.7426307,
        1.3411796
      ],
      [
        103.7425198,
        1.3412228
      ],
      [
        103.7423965,
        1.3412743
      ],
      [
        103.7422496,
        1.3413166
      ],
      [
        103.7420826,
        1.3413374
      ],
      [
        103.7416578,
        1.3413396
      ],
      [
        103.741447,
        1.3413407
      ],
      [
        103.740871,
        1.3413333
      ],
      [
        103.7408026,
        1.3413313
      ],
      [
        103.7407281,
        1.3413303
      ],
      [
        103.7406671,
        1.3413295
      ],
      [
        103.7402956,
        1.3413246
      ],
      [
        103.7396989,
        1.3413495
      ],
      [
        103.739609,
        1.3413655
      ],
      [
        103.7394407,
        1.3414178
      ],
      [
        103.7393146,
        1.3414681
      ],
      [
        103.7391169,
        1.3415652
      ],
      [
        103.7390974,
        1.3415748
      ],
      [
        103.7389825,
        1.3416332
      ],
      [
        103.7388445,
        1.3417034
      ],
      [
        103.7383676,
        1.3419686
      ],
      [
        103.7380808,
        1.3421338
      ],
      [
        103.7379862,
        1.3421867
      ],
      [
        103.7379044,
        1.342229
      ],
      [
        103.7377511,
        1.342312
      ],
      [
        103.7377137,
        1.3423322
      ],
      [
        103.7375037,
        1.3424492
      ],
      [
        103.7372169,
        1.342609
      ],
      [
        103.7371346,
        1.3426549
      ],
      [
        103.737095,
        1.3426764
      ],
      [
        103.7370153,
        1.3427197
      ],
      [
        103.736964,
        1.3427445
      ],
      [
        103.7368125,
        1.3428338
      ],
      [
        103.736734,
        1.3428836
      ],
      [
        103.7365417,
        1.3429894
      ],
      [
        103.7362672,
        1.3431517
      ],
      [
        103.7362008,
        1.3431865
      ],
      [
        103.7360453,
        1.3432678
      ],
      [
        103.7359633,
        1.3433128
      ],
      [
        103.7357862,
        1.3434081
      ],
      [
        103.7353035,
        1.3436945
      ],
      [
        103.7349837,
        1.3438776
      ],
      [
        103.7348091,
        1.3439728
      ],
      [
        103.7343774,
        1.3442183
      ],
      [
        103.7341665,
        1.3443315
      ],
      [
        103.7339626,
        1.3444123
      ],
      [
        103.7337307,
        1.3445053
      ],
      [
        103.7336693,
        1.3445298
      ],
      [
        103.7336247,
        1.3445456
      ],
      [
        103.7334949,
        1.3445956
      ],
      [
        103.7333997,
        1.3446323
      ],
      [
        103.732867,
        1.3448377
      ],
      [
        103.7326507,
        1.3449398
      ],
      [
        103.7324883,
        1.3450544
      ],
      [
        103.7323915,
        1.345126
      ],
      [
        103.732139,
        1.3453691
      ],
      [
        103.7319022,
        1.3457174
      ],
      [
        103.7318286,
        1.3458707
      ],
      [
        103.7316809,
        1.3463294
      ],
      [
        103.7316602,
        1.3463986
      ],
      [
        103.7316436,
        1.3464862
      ],
      [
        103.7315986,
        1.3467231
      ],
      [
        103.7315047,
        1.3473117
      ],
      [
        103.7314557,
        1.3475537
      ],
      [
        103.7314182,
        1.347771
      ],
      [
        103.7313995,
        1.347895
      ],
      [
        103.7313823,
        1.3479801
      ],
      [
        103.7313413,
        1.3481824
      ],
      [
        103.7312501,
        1.348461
      ],
      [
        103.7311271,
        1.3487271
      ],
      [
        103.7309961,
        1.3489178
      ],
      [
        103.7308519,
        1.3490988
      ],
      [
        103.7306957,
        1.3492695
      ],
      [
        103.7306209,
        1.3493385
      ],
      [
        103.7305919,
        1.3493614
      ],
      [
        103.7304573,
        1.3494676
      ],
      [
        103.7302662,
        1.3495936
      ],
      [
        103.7301233,
        1.3496741
      ],
      [
        103.7299758,
        1.3497438
      ],
      [
        103.7297291,
        1.3498215
      ],
      [
        103.7294233,
        1.3498731
      ],
      [
        103.7291768,
        1.3498923
      ],
      [
        103.7289291,
        1.3498944
      ],
      [
        103.7287514,
        1.3498886
      ],
      [
        103.7283562,
        1.3498759
      ],
      [
        103.7282931,
        1.3498739
      ],
      [
        103.7282056,
        1.3498738
      ],
      [
        103.7281411,
        1.3498718
      ],
      [
        103.7280699,
        1.3498696
      ],
      [
        103.72793,
        1.3498722
      ],
      [
        103.7278753,
        1.3498714
      ],
      [
        103.7271268,
        1.3498657
      ],
      [
        103.7267905,
        1.3498631
      ],
      [
        103.7266594,
        1.3498727
      ],
      [
        103.7261756,
        1.349908
      ],
      [
        103.7259654,
        1.349948
      ],
      [
        103.725952,
        1.3499506
      ],
      [
        103.725915,
        1.3499576
      ],
      [
        103.7258163,
        1.3499764
      ],
      [
        103.7257011,
        1.3500165
      ],
      [
        103.7250169,
        1.3502506
      ],
      [
        103.724766,
        1.3503408
      ],
      [
        103.7242606,
        1.3505316
      ],
      [
        103.7240918,
        1.3505977
      ],
      [
        103.7237566,
        1.3507051
      ],
      [
        103.7234553,
        1.3508011
      ],
      [
        103.7231124,
        1.3508969
      ],
      [
        103.7227299,
        1.3509795
      ],
      [
        103.7224925,
        1.3510065
      ],
      [
        103.7219902,
        1.3510457
      ],
      [
        103.72161,
        1.3510451
      ],
      [
        103.7212977,
        1.3510392
      ],
      [
        103.7210319,
        1.3510208
      ],
      [
        103.7209462,
        1.3510173
      ],
      [
        103.7208902,
        1.3510119
      ],
      [
        103.7208415,
        1.3510074
      ],
      [
        103.7206529,
        1.3509931
      ],
      [
        103.7203205,
        1.3509568
      ],
      [
        103.7202804,
        1.3509526
      ],
      [
        103.7201634,
        1.3509411
      ],
      [
        103.7199723,
        1.3509222
      ],
      [
        103.7199501,
        1.35092
      ],
      [
        103.7196011,
        1.3508756
      ],
      [
        103.7192602,
        1.3508317
      ],
      [
        103.719157,
        1.3508173
      ],
      [
        103.7190944,
        1.3508107
      ],
      [
        103.7186231,
        1.3507592
      ],
      [
        103.7183446,
        1.3507319
      ],
      [
        103.7183011,
        1.3507242
      ],
      [
        103.7182569,
        1.3507164
      ],
      [
        103.71792,
        1.3506568
      ],
      [
        103.7177543,
        1.3506226
      ],
      [
        103.7177228,
        1.3506139
      ],
      [
        103.7176335,
        1.350585
      ],
      [
        103.7172798,
        1.3504706
      ],
      [
        103.7172364,
        1.3504557
      ],
      [
        103.717157,
        1.3504249
      ],
      [
        103.7171118,
        1.3504055
      ],
      [
        103.7170252,
        1.3503684
      ],
      [
        103.7169792,
        1.3503486
      ],
      [
        103.7164803,
        1.3501346
      ],
      [
        103.7164424,
        1.3501171
      ],
      [
        103.7161645,
        1.349989
      ],
      [
        103.715763,
        1.3497765
      ],
      [
        103.7157253,
        1.3497565
      ],
      [
        103.7156908,
        1.349736
      ],
      [
        103.715396,
        1.3495608
      ],
      [
        103.7151749,
        1.3493936
      ],
      [
        103.7147484,
        1.3490522
      ],
      [
        103.7145959,
        1.3489355
      ],
      [
        103.7145296,
        1.3488848
      ],
      [
        103.7145012,
        1.3488631
      ],
      [
        103.7144404,
        1.3488085
      ],
      [
        103.7144144,
        1.3488342
      ],
      [
        103.7143748,
        1.3488735
      ],
      [
        103.7143305,
        1.348916
      ],
      [
        103.7136807,
        1.34954
      ],
      [
        103.7131517,
        1.3500234
      ],
      [
        103.7131011,
        1.350072
      ],
      [
        103.7130295,
        1.3500229
      ],
      [
        103.7128689,
        1.3499177
      ],
      [
        103.7126823,
        1.3497947
      ],
      [
        103.7120761,
        1.3493911
      ],
      [
        103.7116792,
        1.3491282
      ],
      [
        103.7114549,
        1.3489767
      ],
      [
        103.711384,
        1.3489293
      ],
      [
        103.711283,
        1.3488562
      ],
      [
        103.7111179,
        1.3487417
      ],
      [
        103.7110196,
        1.348666
      ],
      [
        103.7109287,
        1.34858
      ],
      [
        103.7108846,
        1.3485384
      ],
      [
        103.7108286,
        1.3484669
      ],
      [
        103.7107816,
        1.3484005
      ],
      [
        103.7107159,
        1.3482732
      ],
      [
        103.7106411,
        1.3480531
      ],
      [
        103.7105886,
        1.347804
      ],
      [
        103.7104348,
        1.3471195
      ],
      [
        103.7103711,
        1.3468151
      ],
      [
        103.7102772,
        1.3465465
      ],
      [
        103.7102135,
        1.3464231
      ],
      [
        103.7101497,
        1.346319
      ],
      [
        103.7099885,
        1.3460819
      ],
      [
        103.7098244,
        1.3458993
      ],
      [
        103.7094348,
        1.3455727
      ],
      [
        103.7093936,
        1.3455411
      ],
      [
        103.7093103,
        1.3454716
      ],
      [
        103.7092536,
        1.3454377
      ],
      [
        103.7086576,
        1.3450633
      ],
      [
        103.7082464,
        1.3447815
      ],
      [
        103.708096,
        1.3446768
      ],
      [
        103.7078123,
        1.3444755
      ],
      [
        103.7075362,
        1.344289
      ],
      [
        103.7072845,
        1.344108
      ],
      [
        103.7072274,
        1.3440668
      ],
      [
        103.7071265,
        1.343993
      ],
      [
        103.7070616,
        1.3439493
      ],
      [
        103.7068559,
        1.3438106
      ],
      [
        103.7068431,
        1.3438025
      ],
      [
        103.7064496,
        1.3435515
      ],
      [
        103.7062809,
        1.3434344
      ],
      [
        103.7059418,
        1.3431861
      ],
      [
        103.7057976,
        1.3430804
      ],
      [
        103.705747,
        1.3430331
      ],
      [
        103.7057021,
        1.3429778
      ],
      [
        103.7055821,
        1.3427593
      ],
      [
        103.7054107,
        1.3422414
      ],
      [
        103.7053406,
        1.3420377
      ],
      [
        103.7053147,
        1.3419533
      ],
      [
        103.7052716,
        1.3418269
      ],
      [
        103.7052146,
        1.34166
      ],
      [
        103.7051695,
        1.3415278
      ],
      [
        103.7051397,
        1.3414688
      ],
      [
        103.7051187,
        1.3414272
      ],
      [
        103.7050496,
        1.3413419
      ],
      [
        103.7050187,
        1.3413183
      ],
      [
        103.704915,
        1.3412389
      ],
      [
        103.7048593,
        1.3412182
      ],
      [
        103.7047749,
        1.3411867
      ],
      [
        103.7047697,
        1.3411846
      ],
      [
        103.7045671,
        1.3411397
      ],
      [
        103.7044667,
        1.3411188
      ],
      [
        103.7042824,
        1.3410871
      ],
      [
        103.7040427,
        1.3410349
      ],
      [
        103.7039826,
        1.341019
      ],
      [
        103.7038042,
        1.3409937
      ],
      [
        103.7037961,
        1.3410938
      ],
      [
        103.7037962,
        1.3411414
      ],
      [
        103.7037868,
        1.3412945
      ],
      [
        103.7037519,
        1.3416506
      ],
      [
        103.7037213,
        1.3419377
      ],
      [
        103.7036808,
        1.3424429
      ],
      [
        103.70368,
        1.3424497
      ],
      [
        103.7036452,
        1.3427747
      ],
      [
        103.7036308,
        1.3429089
      ],
      [
        103.7036111,
        1.343107
      ],
      [
        103.7035869,
        1.3433109
      ],
      [
        103.7035489,
        1.3435265
      ],
      [
        103.7034655,
        1.3438683
      ],
      [
        103.703435,
        1.3439449
      ],
      [
        103.7033798,
        1.3440825
      ],
      [
        103.7033003,
        1.3442709
      ],
      [
        103.70319,
        1.3444676
      ],
      [
        103.703054,
        1.3446602
      ],
      [
        103.7029544,
        1.3448204
      ],
      [
        103.7028645,
        1.3451252
      ],
      [
        103.7028233,
        1.345236
      ],
      [
        103.7027643,
        1.3453381
      ],
      [
        103.702711,
        1.3454178
      ],
      [
        103.7026353,
        1.34554
      ],
      [
        103.702606,
        1.3455752
      ],
      [
        103.7025388,
        1.3456561
      ],
      [
        103.7024676,
        1.3457501
      ],
      [
        103.7023916,
        1.3458101
      ],
      [
        103.7022924,
        1.3459418
      ],
      [
        103.7018992,
        1.3465208
      ],
      [
        103.7018198,
        1.3466234
      ],
      [
        103.7017254,
        1.3467751
      ],
      [
        103.701654,
        1.3468787
      ],
      [
        103.7015579,
        1.3470127
      ],
      [
        103.7014593,
        1.3470939
      ],
      [
        103.7013961,
        1.3471787
      ],
      [
        103.7013306,
        1.3472714
      ],
      [
        103.7011804,
        1.3475624
      ],
      [
        103.7011299,
        1.3477024
      ],
      [
        103.7010425,
        1.3478368
      ],
      [
        103.7009611,
        1.3479225
      ],
      [
        103.7009227,
        1.3479593
      ],
      [
        103.7008713,
        1.347995
      ],
      [
        103.700759,
        1.3480541
      ],
      [
        103.700658,
        1.3480716
      ],
      [
        103.7005806,
        1.348085
      ],
      [
        103.7004966,
        1.3480807
      ],
      [
        103.7003746,
        1.348055
      ],
      [
        103.7001702,
        1.3480263
      ],
      [
        103.7000128,
        1.3480272
      ],
      [
        103.6999281,
        1.3480392
      ],
      [
        103.6996559,
        1.3480754
      ],
      [
        103.6994083,
        1.3481407
      ],
      [
        103.6991734,
        1.3481636
      ],
      [
        103.6991148,
        1.3481725
      ],
      [
        103.6990349,
        1.3481787
      ],
      [
        103.6985232,
        1.3482421
      ],
      [
        103.6982986,
        1.3482606
      ],
      [
        103.6979804,
        1.3482972
      ],
      [
        103.6978225,
        1.34832
      ],
      [
        103.6975317,
        1.3482841
      ],
      [
        103.6974093,
        1.3482948
      ],
      [
        103.6972449,
        1.3483337
      ],
      [
        103.6971423,
        1.3483457
      ],
      [
        103.6971327,
        1.3482627
      ],
      [
        103.6970795,
        1.3476385
      ],
      [
        103.6970686,
        1.3475316
      ],
      [
        103.6970002,
        1.3469322
      ],
      [
        103.696997,
        1.3468694
      ],
      [
        103.6969883,
        1.3467876
      ],
      [
        103.6969829,
        1.3467383
      ],
      [
        103.6969017,
        1.3459717
      ],
      [
        103.69688,
        1.3457497
      ],
      [
        103.6968535,
        1.3454485
      ],
      [
        103.6968359,
        1.3452483
      ],
      [
        103.6968039,
        1.3450496
      ],
      [
        103.6967596,
        1.3449233
      ],
      [
        103.6967198,
        1.3448254
      ],
      [
        103.6966003,
        1.344655
      ],
      [
        103.6964697,
        1.3445173
      ],
      [
        103.6963307,
        1.3444498
      ],
      [
        103.6958008,
        1.3440209
      ],
      [
        103.6955072,
        1.3437908
      ],
      [
        103.695161,
        1.3435095
      ],
      [
        103.6950738,
        1.3434328
      ],
      [
        103.6950413,
        1.3434022
      ],
      [
        103.6949629,
        1.3433415
      ],
      [
        103.6949112,
        1.343305
      ],
      [
        103.6947894,
        1.3432159
      ],
      [
        103.6940931,
        1.3426568
      ],
      [
        103.6938085,
        1.3424399
      ],
      [
        103.6936363,
        1.342306
      ],
      [
        103.693555,
        1.3421759
      ],
      [
        103.6935272,
        1.3421291
      ],
      [
        103.6935061,
        1.3420673
      ],
      [
        103.6935037,
        1.3420484
      ],
      [
        103.6935043,
        1.3419706
      ],
      [
        103.6935515,
        1.3418304
      ],
      [
        103.6938746,
        1.3414523
      ],
      [
        103.6943423,
        1.340866
      ],
      [
        103.6946148,
        1.3405027
      ],
      [
        103.6947554,
        1.3403161
      ],
      [
        103.6949205,
        1.3400408
      ],
      [
        103.694957,
        1.3399799
      ],
      [
        103.6950394,
        1.3398526
      ],
      [
        103.6950817,
        1.3397878
      ],
      [
        103.6951852,
        1.3396001
      ],
      [
        103.6952842,
        1.3394177
      ],
      [
        103.6954737,
        1.3390897
      ],
      [
        103.6956434,
        1.3387043
      ],
      [
        103.6956992,
        1.3385765
      ],
      [
        103.6957871,
        1.3383317
      ],
      [
        103.6959904,
        1.337757
      ],
      [
        103.6960139,
        1.3376741
      ],
      [
        103.6960738,
        1.3374851
      ],
      [
        103.6960911,
        1.3374235
      ],
      [
        103.6961159,
        1.3373277
      ],
      [
        103.6961525,
        1.3371867
      ],
      [
        103.6962092,
        1.336968
      ],
      [
        103.6963508,
        1.3362733
      ],
      [
        103.6963852,
        1.3360856
      ],
      [
        103.6964062,
        1.3359393
      ],
      [
        103.6964644,
        1.3355844
      ],
      [
        103.6965096,
        1.3352699
      ],
      [
        103.6965297,
        1.3349585
      ],
      [
        103.6965348,
        1.3348788
      ],
      [
        103.69654,
        1.3347525
      ],
      [
        103.6965458,
        1.334683
      ],
      [
        103.6965587,
        1.3344849
      ],
      [
        103.6965671,
        1.3338802
      ],
      [
        103.6965722,
        1.3328731
      ],
      [
        103.6965845,
        1.3322592
      ],
      [
        103.69659,
        1.3321361
      ],
      [
        103.6966333,
        1.3321353
      ],
      [
        103.6972234,
        1.332154
      ],
      [
        103.697627,
        1.3321613
      ],
      [
        103.6981031,
        1.3321694
      ],
      [
        103.6982091,
        1.3321694
      ],
      [
        103.6984371,
        1.3321695
      ],
      [
        103.698439,
        1.3318697
      ],
      [
        103.698442,
        1.3314127
      ],
      [
        103.6984428,
        1.3312885
      ],
      [
        103.6984455,
        1.3308598
      ],
      [
        103.6984459,
        1.3307949
      ],
      [
        103.698445,
        1.3302283
      ],
      [
        103.6984596,
        1.3297037
      ],
      [
        103.6984588,
        1.3295938
      ],
      [
        103.6984578,
        1.3294503
      ],
      [
        103.698456,
        1.3292102
      ]
    ]
  }
}