{
  "type": "Feature",
  "properties": {
    "relation": 2689299,
    "direction": "1",
    "distance": "59.6",
    "duration": "155",
    "fee": "yes",
    "from": "Pasir Ris Interchange",
    "name": "Svc 518 (Pasir Ris Interchange ↺ Bayfront Avenue)",
    "name:en": "Svc 518 (Pasir Ris Interchange ↺ Bayfront Avenue)",
    "network": "Land Transport Authority",
    "network:short": "LTA",
    "network:wikidata": "Q3299279",
    "network:wikipedia": "en:Land Transport Authority",
    "operator": "Go-Ahead Singapore",
    "operator:wikidata": "Q24698874",
    "operator:wikipedia": "en:Go-Ahead Singapore",
    "public_transport:version": "2",
    "ref": "518",
    "roundtrip": "yes",
    "route": "bus",
    "to": "Pasir Ris Interchange",
    "type": "route",
    "via": "Bayfront Avenue",
    "website": "https://go-aheadsingapore.com/bus-services/",
    "wheelchair": "yes"
  },
  "geometry": {
    "type": "LineString",
    "coordinates": [
      [
        103.9485976,
        1.3735437
      ],
      [
        103.9485175,
        1.3735669
      ],
      [
        103.9484386,
        1.3736764
      ],
      [
        103.9484088,
        1.3737805
      ],
      [
        103.9484229,
        1.3739023
      ],
      [
        103.9484646,
        1.3740787
      ],
      [
        103.9485192,
        1.3742512
      ],
      [
        103.9485761,
        1.3744308
      ],
      [
        103.9486404,
        1.3746339
      ],
      [
        103.9486862,
        1.3747786
      ],
      [
        103.9487038,
        1.3748343
      ],
      [
        103.9487311,
        1.3748618
      ],
      [
        103.9487827,
        1.3748628
      ],
      [
        103.9489614,
        1.374809
      ],
      [
        103.9492107,
        1.374734
      ],
      [
        103.9492107,
        1.374734
      ],
      [
        103.9492813,
        1.3749702
      ],
      [
        103.9492647,
        1.3749088
      ],
      [
        103.9492671,
        1.3750976
      ],
      [
        103.9491986,
        1.375123
      ],
      [
        103.9489497,
        1.3752189
      ],
      [
        103.9488703,
        1.3752472
      ],
      [
        103.9485121,
        1.3753921
      ],
      [
        103.9484328,
        1.375427
      ],
      [
        103.9483697,
        1.3754525
      ],
      [
        103.9481926,
        1.3755245
      ],
      [
        103.948043,
        1.3755892
      ],
      [
        103.9477125,
        1.3757454
      ],
      [
        103.9470404,
        1.3761019
      ],
      [
        103.9469551,
        1.3761471
      ],
      [
        103.9468912,
        1.3761783
      ],
      [
        103.9468408,
        1.3762043
      ],
      [
        103.9466728,
        1.3762907
      ],
      [
        103.9465552,
        1.3763513
      ],
      [
        103.9463264,
        1.3764737
      ],
      [
        103.9456849,
        1.3768412
      ],
      [
        103.9450293,
        1.3772168
      ],
      [
        103.9442016,
        1.3777038
      ],
      [
        103.9439955,
        1.377852
      ],
      [
        103.9437778,
        1.3780083
      ],
      [
        103.9437435,
        1.378033
      ],
      [
        103.9436419,
        1.3781062
      ],
      [
        103.9434977,
        1.3782099
      ],
      [
        103.9432515,
        1.3783922
      ],
      [
        103.943131,
        1.3784849
      ],
      [
        103.9427823,
        1.3787503
      ],
      [
        103.9425426,
        1.3789118
      ],
      [
        103.9424926,
        1.3789455
      ],
      [
        103.9424586,
        1.3789684
      ],
      [
        103.9423013,
        1.3790819
      ],
      [
        103.9418715,
        1.3793905
      ],
      [
        103.9418106,
        1.3794362
      ],
      [
        103.9417252,
        1.3795085
      ],
      [
        103.9416906,
        1.3795339
      ],
      [
        103.9414483,
        1.3797164
      ],
      [
        103.9410103,
        1.3800467
      ],
      [
        103.940976,
        1.3800733
      ],
      [
        103.9407371,
        1.380259
      ],
      [
        103.9407111,
        1.3802792
      ],
      [
        103.940511,
        1.380437
      ],
      [
        103.940389,
        1.3805435
      ],
      [
        103.9402647,
        1.3806566
      ],
      [
        103.9396163,
        1.3812882
      ],
      [
        103.9395673,
        1.381336
      ],
      [
        103.9394837,
        1.3814182
      ],
      [
        103.939457,
        1.3814483
      ],
      [
        103.9393773,
        1.3815384
      ],
      [
        103.9387071,
        1.3822925
      ],
      [
        103.9385615,
        1.3824473
      ],
      [
        103.938476,
        1.3825251
      ],
      [
        103.9383875,
        1.3825888
      ],
      [
        103.9380783,
        1.3827771
      ],
      [
        103.9374341,
        1.3831629
      ],
      [
        103.9370732,
        1.3833882
      ],
      [
        103.936866,
        1.3835152
      ],
      [
        103.9368144,
        1.3835414
      ],
      [
        103.9367513,
        1.3835642
      ],
      [
        103.9366757,
        1.3835759
      ],
      [
        103.9366045,
        1.3835689
      ],
      [
        103.9365455,
        1.3835581
      ],
      [
        103.9364865,
        1.3835327
      ],
      [
        103.9364147,
        1.3834811
      ],
      [
        103.9363752,
        1.3834402
      ],
      [
        103.9363292,
        1.3833736
      ],
      [
        103.9355014,
        1.3818206
      ],
      [
        103.935309,
        1.3814896
      ],
      [
        103.9351417,
        1.3811897
      ],
      [
        103.9351243,
        1.3811573
      ],
      [
        103.9351013,
        1.3811161
      ],
      [
        103.9350435,
        1.3810022
      ],
      [
        103.9349855,
        1.380821
      ],
      [
        103.9348052,
        1.3805096
      ],
      [
        103.9345907,
        1.380229
      ],
      [
        103.9345664,
        1.3800831
      ],
      [
        103.9345589,
        1.3800121
      ],
      [
        103.934561,
        1.3799603
      ],
      [
        103.9345769,
        1.3798785
      ],
      [
        103.9346372,
        1.3797762
      ],
      [
        103.9351694,
        1.3793626
      ],
      [
        103.9354276,
        1.3791815
      ],
      [
        103.9355262,
        1.3791058
      ],
      [
        103.9360983,
        1.3786792
      ],
      [
        103.9363007,
        1.3785324
      ],
      [
        103.9369216,
        1.3780841
      ],
      [
        103.9370039,
        1.3780247
      ],
      [
        103.9370742,
        1.3779731
      ],
      [
        103.937122,
        1.3779372
      ],
      [
        103.9378017,
        1.3774271
      ],
      [
        103.9386891,
        1.376761
      ],
      [
        103.9389601,
        1.3765566
      ],
      [
        103.9391979,
        1.376378
      ],
      [
        103.9401028,
        1.3756891
      ],
      [
        103.9404264,
        1.3754266
      ],
      [
        103.9405941,
        1.3753045
      ],
      [
        103.9409651,
        1.3750442
      ],
      [
        103.9410147,
        1.3750066
      ],
      [
        103.9410862,
        1.374951
      ],
      [
        103.9411423,
        1.3749091
      ],
      [
        103.9417077,
        1.37449
      ],
      [
        103.9418207,
        1.3744135
      ],
      [
        103.9419642,
        1.3743155
      ],
      [
        103.9421606,
        1.3742072
      ],
      [
        103.9424715,
        1.3740652
      ],
      [
        103.9425928,
        1.3740129
      ],
      [
        103.9431028,
        1.3738138
      ],
      [
        103.9431843,
        1.3737825
      ],
      [
        103.9441864,
        1.3733982
      ],
      [
        103.9446129,
        1.3732226
      ],
      [
        103.9449244,
        1.3730963
      ],
      [
        103.9449919,
        1.3730689
      ],
      [
        103.9450801,
        1.3730333
      ],
      [
        103.9451156,
        1.3730191
      ],
      [
        103.9453246,
        1.3729488
      ],
      [
        103.9454915,
        1.3728656
      ],
      [
        103.9457938,
        1.3726637
      ],
      [
        103.9464526,
        1.3724029
      ],
      [
        103.9468894,
        1.3722318
      ],
      [
        103.9470159,
        1.3721843
      ],
      [
        103.9470879,
        1.3721748
      ],
      [
        103.947161,
        1.3721949
      ],
      [
        103.9472285,
        1.3722333
      ],
      [
        103.9473487,
        1.3724356
      ],
      [
        103.9474721,
        1.372575
      ],
      [
        103.9476919,
        1.3727698
      ],
      [
        103.9477909,
        1.372796
      ],
      [
        103.9478931,
        1.3727901
      ],
      [
        103.9479325,
        1.3727737
      ],
      [
        103.948208,
        1.3725995
      ],
      [
        103.9486933,
        1.3723047
      ],
      [
        103.9489643,
        1.3722075
      ],
      [
        103.9491639,
        1.3721478
      ],
      [
        103.949238,
        1.3721228
      ],
      [
        103.9493,
        1.3721071
      ],
      [
        103.9493684,
        1.3720872
      ],
      [
        103.949387,
        1.3720834
      ],
      [
        103.9493543,
        1.3719994
      ],
      [
        103.9493264,
        1.371919
      ],
      [
        103.9491507,
        1.3715374
      ],
      [
        103.9491059,
        1.3713766
      ],
      [
        103.9490777,
        1.3711726
      ],
      [
        103.9490463,
        1.3708815
      ],
      [
        103.9489671,
        1.3706404
      ],
      [
        103.9490341,
        1.3706013
      ],
      [
        103.9491557,
        1.370534
      ],
      [
        103.9492867,
        1.3704454
      ],
      [
        103.9493994,
        1.3703692
      ],
      [
        103.9495698,
        1.3702617
      ],
      [
        103.9497373,
        1.3701594
      ],
      [
        103.9499921,
        1.3700245
      ],
      [
        103.9502166,
        1.3699015
      ],
      [
        103.9504462,
        1.3698076
      ],
      [
        103.9507008,
        1.3696975
      ],
      [
        103.9509198,
        1.3696125
      ],
      [
        103.9511382,
        1.3695327
      ],
      [
        103.9512464,
        1.3694978
      ],
      [
        103.9514573,
        1.3694342
      ],
      [
        103.9515817,
        1.3693924
      ],
      [
        103.9517099,
        1.3693509
      ],
      [
        103.9518398,
        1.3693104
      ],
      [
        103.9519131,
        1.3692921
      ],
      [
        103.9519796,
        1.3692725
      ],
      [
        103.9521773,
        1.3692303
      ],
      [
        103.95248,
        1.3691705
      ],
      [
        103.9527707,
        1.3691382
      ],
      [
        103.9530158,
        1.3691164
      ],
      [
        103.9536217,
        1.3691259
      ],
      [
        103.9539471,
        1.3691166
      ],
      [
        103.9542928,
        1.3691147
      ],
      [
        103.9544424,
        1.3691521
      ],
      [
        103.9546325,
        1.3692243
      ],
      [
        103.954724,
        1.3692779
      ],
      [
        103.9548764,
        1.3693326
      ],
      [
        103.9550601,
        1.3693367
      ],
      [
        103.9556207,
        1.3692696
      ],
      [
        103.9557512,
        1.3692505
      ],
      [
        103.9560656,
        1.3692044
      ],
      [
        103.956346,
        1.369153
      ],
      [
        103.9567098,
        1.3690911
      ],
      [
        103.956839,
        1.3690624
      ],
      [
        103.9569055,
        1.3690476
      ],
      [
        103.9570106,
        1.3690179
      ],
      [
        103.9570492,
        1.3690065
      ],
      [
        103.957548,
        1.3688593
      ],
      [
        103.9578148,
        1.3687715
      ],
      [
        103.9579747,
        1.3687108
      ],
      [
        103.9581105,
        1.3686593
      ],
      [
        103.9584998,
        1.3684983
      ],
      [
        103.9588428,
        1.3683245
      ],
      [
        103.9591089,
        1.3681779
      ],
      [
        103.959312,
        1.368063
      ],
      [
        103.9594147,
        1.3680005
      ],
      [
        103.9595446,
        1.3679265
      ],
      [
        103.9596057,
        1.367891
      ],
      [
        103.9597008,
        1.3678368
      ],
      [
        103.9596378,
        1.3677284
      ],
      [
        103.9595827,
        1.3676522
      ],
      [
        103.9594784,
        1.3675079
      ],
      [
        103.9592738,
        1.3672282
      ],
      [
        103.9590847,
        1.3669633
      ],
      [
        103.9588811,
        1.3666817
      ],
      [
        103.9588166,
        1.3665875
      ],
      [
        103.9584247,
        1.3660484
      ],
      [
        103.9580733,
        1.3655657
      ],
      [
        103.9579928,
        1.365447
      ],
      [
        103.9579598,
        1.3653966
      ],
      [
        103.9580223,
        1.3653515
      ],
      [
        103.9586534,
        1.364945
      ],
      [
        103.9590374,
        1.3646763
      ],
      [
        103.9591428,
        1.3645972
      ],
      [
        103.9593953,
        1.364402
      ],
      [
        103.9596522,
        1.3642066
      ],
      [
        103.9600863,
        1.3638665
      ],
      [
        103.9602323,
        1.3637711
      ],
      [
        103.9603364,
        1.3637493
      ],
      [
        103.9604897,
        1.3637386
      ],
      [
        103.9606015,
        1.3637471
      ],
      [
        103.960726,
        1.3637854
      ],
      [
        103.9607876,
        1.3638166
      ],
      [
        103.9608304,
        1.363848
      ],
      [
        103.9609644,
        1.3639695
      ],
      [
        103.9613633,
        1.3643898
      ],
      [
        103.9614743,
        1.3645069
      ],
      [
        103.9615727,
        1.3646034
      ],
      [
        103.9616141,
        1.364644
      ],
      [
        103.9618219,
        1.3648444
      ],
      [
        103.9620805,
        1.3651034
      ],
      [
        103.962235,
        1.3652614
      ],
      [
        103.9622973,
        1.3653205
      ],
      [
        103.962378,
        1.3654022
      ],
      [
        103.9624544,
        1.3653207
      ],
      [
        103.9624831,
        1.3652915
      ],
      [
        103.9631879,
        1.3645735
      ],
      [
        103.9636017,
        1.3641518
      ],
      [
        103.9637081,
        1.3640434
      ],
      [
        103.9641267,
        1.3636508
      ],
      [
        103.9642414,
        1.3635451
      ],
      [
        103.9642986,
        1.3634927
      ],
      [
        103.9643986,
        1.3633892
      ],
      [
        103.9643002,
        1.363294
      ],
      [
        103.9635775,
        1.3625448
      ],
      [
        103.9631852,
        1.3621381
      ],
      [
        103.9629217,
        1.361865
      ],
      [
        103.9627169,
        1.3616537
      ],
      [
        103.962548,
        1.3614747
      ],
      [
        103.9624379,
        1.3613799
      ],
      [
        103.9622429,
        1.3611937
      ],
      [
        103.9619561,
        1.3609199
      ],
      [
        103.9618505,
        1.3608191
      ],
      [
        103.9617055,
        1.3606806
      ],
      [
        103.9614403,
        1.3604271
      ],
      [
        103.9613737,
        1.3603653
      ],
      [
        103.9612315,
        1.3602273
      ],
      [
        103.9611848,
        1.3601857
      ],
      [
        103.9610296,
        1.3600246
      ],
      [
        103.9605067,
        1.3594665
      ],
      [
        103.9603758,
        1.3593305
      ],
      [
        103.9600287,
        1.3589789
      ],
      [
        103.9597889,
        1.358736
      ],
      [
        103.9596353,
        1.3585778
      ],
      [
        103.9591483,
        1.3581125
      ],
      [
        103.9589531,
        1.3579213
      ],
      [
        103.9586207,
        1.3575992
      ],
      [
        103.958549,
        1.3575335
      ],
      [
        103.9584879,
        1.3574728
      ],
      [
        103.9583606,
        1.3573536
      ],
      [
        103.9577498,
        1.3567461
      ],
      [
        103.9576228,
        1.3566399
      ],
      [
        103.9574168,
        1.3564911
      ],
      [
        103.9572582,
        1.3564013
      ],
      [
        103.9570512,
        1.3563163
      ],
      [
        103.9569554,
        1.3562888
      ],
      [
        103.9568341,
        1.3562497
      ],
      [
        103.9566622,
        1.356225
      ],
      [
        103.9564086,
        1.3562028
      ],
      [
        103.9560113,
        1.3562093
      ],
      [
        103.9558697,
        1.3561684
      ],
      [
        103.9558053,
        1.3561464
      ],
      [
        103.9557327,
        1.356117
      ],
      [
        103.9556716,
        1.356062
      ],
      [
        103.955641,
        1.3560295
      ],
      [
        103.9555919,
        1.3559621
      ],
      [
        103.9555422,
        1.3558823
      ],
      [
        103.9555039,
        1.355811
      ],
      [
        103.9554903,
        1.3548533
      ],
      [
        103.9554842,
        1.3547541
      ],
      [
        103.9554648,
        1.3544885
      ],
      [
        103.9554281,
        1.3542847
      ],
      [
        103.9553853,
        1.3541313
      ],
      [
        103.9553591,
        1.3540514
      ],
      [
        103.9553039,
        1.3538754
      ],
      [
        103.9552763,
        1.353785
      ],
      [
        103.9552458,
        1.3536993
      ],
      [
        103.9551434,
        1.3534127
      ],
      [
        103.9550534,
        1.3531559
      ],
      [
        103.9549971,
        1.3530218
      ],
      [
        103.9549045,
        1.3528046
      ],
      [
        103.9547838,
        1.3525741
      ],
      [
        103.9546479,
        1.3523442
      ],
      [
        103.9546065,
        1.352276
      ],
      [
        103.9545681,
        1.3522241
      ],
      [
        103.954455,
        1.3520669
      ],
      [
        103.954421,
        1.3520204
      ],
      [
        103.9541157,
        1.3516164
      ],
      [
        103.9540816,
        1.3515737
      ],
      [
        103.9537393,
        1.3511508
      ],
      [
        103.9536283,
        1.3510137
      ],
      [
        103.9533389,
        1.3507514
      ],
      [
        103.9532555,
        1.3506954
      ],
      [
        103.953009,
        1.3505825
      ],
      [
        103.9524512,
        1.3503597
      ],
      [
        103.9520378,
        1.350216
      ],
      [
        103.951604,
        1.350063
      ],
      [
        103.951415,
        1.3499985
      ],
      [
        103.9510797,
        1.3498792
      ],
      [
        103.9509377,
        1.3498298
      ],
      [
        103.950845,
        1.3497993
      ],
      [
        103.950238,
        1.3495864
      ],
      [
        103.9498531,
        1.3494506
      ],
      [
        103.9495577,
        1.349358
      ],
      [
        103.9489192,
        1.3491539
      ],
      [
        103.9486176,
        1.3490497
      ],
      [
        103.9485661,
        1.3490319
      ],
      [
        103.9484633,
        1.3489964
      ],
      [
        103.948378,
        1.3489669
      ],
      [
        103.9482882,
        1.3489359
      ],
      [
        103.947711,
        1.3487364
      ],
      [
        103.9457644,
        1.3480507
      ],
      [
        103.9456147,
        1.3479901
      ],
      [
        103.9450675,
        1.3477313
      ],
      [
        103.944622,
        1.3475148
      ],
      [
        103.9445676,
        1.3474883
      ],
      [
        103.9445319,
        1.3474693
      ],
      [
        103.9442401,
        1.3472822
      ],
      [
        103.9438572,
        1.347012
      ],
      [
        103.9434947,
        1.3467166
      ],
      [
        103.9431118,
        1.3463749
      ],
      [
        103.9430816,
        1.3463479
      ],
      [
        103.9429306,
        1.3462242
      ],
      [
        103.9428815,
        1.3461841
      ],
      [
        103.9425343,
        1.3459005
      ],
      [
        103.9424996,
        1.3458722
      ],
      [
        103.942224,
        1.3456781
      ],
      [
        103.9419632,
        1.3455185
      ],
      [
        103.941379,
        1.3452177
      ],
      [
        103.9409479,
        1.3450234
      ],
      [
        103.940776,
        1.3449573
      ],
      [
        103.9407193,
        1.344941
      ],
      [
        103.9405303,
        1.3448868
      ],
      [
        103.940092,
        1.3447951
      ],
      [
        103.9396674,
        1.3447305
      ],
      [
        103.9394416,
        1.3447071
      ],
      [
        103.9392153,
        1.344694
      ],
      [
        103.9386141,
        1.3446718
      ],
      [
        103.93848,
        1.3446786
      ],
      [
        103.938436,
        1.3446785
      ],
      [
        103.9383241,
        1.3446783
      ],
      [
        103.9381714,
        1.3446788
      ],
      [
        103.9381457,
        1.344677
      ],
      [
        103.9379297,
        1.3446891
      ],
      [
        103.9377524,
        1.3447248
      ],
      [
        103.937617,
        1.3447499
      ],
      [
        103.9374984,
        1.3447898
      ],
      [
        103.9371162,
        1.3449518
      ],
      [
        103.9368132,
        1.3450802
      ],
      [
        103.9362206,
        1.3453314
      ],
      [
        103.9358943,
        1.3454608
      ],
      [
        103.9357669,
        1.3455072
      ],
      [
        103.9354324,
        1.3456478
      ],
      [
        103.9351006,
        1.3457826
      ],
      [
        103.9348293,
        1.3459079
      ],
      [
        103.9345517,
        1.3460213
      ],
      [
        103.933747,
        1.3463689
      ],
      [
        103.9336701,
        1.3464011
      ],
      [
        103.9330558,
        1.3466482
      ],
      [
        103.9326792,
        1.3467996
      ],
      [
        103.9319178,
        1.3471095
      ],
      [
        103.9316643,
        1.3472341
      ],
      [
        103.9310638,
        1.3475265
      ],
      [
        103.9305017,
        1.3478144
      ],
      [
        103.9302202,
        1.3479619
      ],
      [
        103.9301645,
        1.3479917
      ],
      [
        103.930074,
        1.348037
      ],
      [
        103.9300345,
        1.3480598
      ],
      [
        103.929908,
        1.3481247
      ],
      [
        103.9297781,
        1.3481925
      ],
      [
        103.9297559,
        1.348204
      ],
      [
        103.9293345,
        1.3484479
      ],
      [
        103.9291443,
        1.3485536
      ],
      [
        103.9290598,
        1.3486019
      ],
      [
        103.9289871,
        1.348639
      ],
      [
        103.9286485,
        1.3488288
      ],
      [
        103.9285803,
        1.3488675
      ],
      [
        103.9284967,
        1.3489145
      ],
      [
        103.9284344,
        1.3489513
      ],
      [
        103.9281041,
        1.3491214
      ],
      [
        103.927734,
        1.3493137
      ],
      [
        103.9276574,
        1.3493559
      ],
      [
        103.9275599,
        1.3494096
      ],
      [
        103.9272515,
        1.3495794
      ],
      [
        103.9271376,
        1.3496422
      ],
      [
        103.9266494,
        1.3498487
      ],
      [
        103.9264724,
        1.3499157
      ],
      [
        103.9262994,
        1.3499804
      ],
      [
        103.9262478,
        1.3499878
      ],
      [
        103.9261841,
        1.3499844
      ],
      [
        103.9261636,
        1.3499787
      ],
      [
        103.9260828,
        1.3499543
      ],
      [
        103.9259279,
        1.349842
      ],
      [
        103.9255558,
        1.3491137
      ],
      [
        103.925356,
        1.3488562
      ],
      [
        103.9252273,
        1.3487087
      ],
      [
        103.925124,
        1.3486042
      ],
      [
        103.9249429,
        1.3484527
      ],
      [
        103.9247108,
        1.3482774
      ],
      [
        103.9243991,
        1.3480591
      ],
      [
        103.9241348,
        1.3479185
      ],
      [
        103.9234027,
        1.3475661
      ],
      [
        103.9231715,
        1.3474544
      ],
      [
        103.9230977,
        1.3473944
      ],
      [
        103.9228766,
        1.3472795
      ],
      [
        103.9226554,
        1.3471769
      ],
      [
        103.9225975,
        1.3471484
      ],
      [
        103.9216195,
        1.3467274
      ],
      [
        103.9214666,
        1.3466616
      ],
      [
        103.9201489,
        1.3461159
      ],
      [
        103.9198407,
        1.3459541
      ],
      [
        103.919488,
        1.3457548
      ],
      [
        103.9193919,
        1.3456831
      ],
      [
        103.9193353,
        1.3456409
      ],
      [
        103.9192003,
        1.3455057
      ],
      [
        103.9190635,
        1.345318
      ],
      [
        103.9189403,
        1.3451222
      ],
      [
        103.9188707,
        1.344984
      ],
      [
        103.9188276,
        1.3448579
      ],
      [
        103.9187829,
        1.3447049
      ],
      [
        103.9187028,
        1.3443975
      ],
      [
        103.9186872,
        1.3419258
      ],
      [
        103.9186876,
        1.3417989
      ],
      [
        103.9186872,
        1.3416702
      ],
      [
        103.9186646,
        1.3414918
      ],
      [
        103.9186536,
        1.341405
      ],
      [
        103.9185971,
        1.3411264
      ],
      [
        103.9185394,
        1.3409077
      ],
      [
        103.9183224,
        1.3401817
      ],
      [
        103.9182836,
        1.3400521
      ],
      [
        103.9182644,
        1.3399828
      ],
      [
        103.918259,
        1.3399522
      ],
      [
        103.9181666,
        1.339545
      ],
      [
        103.9180744,
        1.3391212
      ],
      [
        103.9180096,
        1.3388302
      ],
      [
        103.9179867,
        1.3386525
      ],
      [
        103.9179758,
        1.3385056
      ],
      [
        103.917971,
        1.3383855
      ],
      [
        103.9179752,
        1.3383246
      ],
      [
        103.9179765,
        1.3382639
      ],
      [
        103.9179845,
        1.3381811
      ],
      [
        103.917996,
        1.3381145
      ],
      [
        103.9180507,
        1.3377684
      ],
      [
        103.9180619,
        1.3376974
      ],
      [
        103.9181351,
        1.3372343
      ],
      [
        103.9181566,
        1.3369674
      ],
      [
        103.918182,
        1.3365777
      ],
      [
        103.9182453,
        1.3358346
      ],
      [
        103.9182616,
        1.3357122
      ],
      [
        103.9182817,
        1.3355917
      ],
      [
        103.9183199,
        1.335403
      ],
      [
        103.9183711,
        1.3352162
      ],
      [
        103.9184528,
        1.3349699
      ],
      [
        103.9185252,
        1.3347863
      ],
      [
        103.9186647,
        1.3344508
      ],
      [
        103.9189367,
        1.3338492
      ],
      [
        103.9192083,
        1.333291
      ],
      [
        103.9193076,
        1.3330851
      ],
      [
        103.9194626,
        1.3327687
      ],
      [
        103.9197392,
        1.3321831
      ],
      [
        103.9197716,
        1.3321206
      ],
      [
        103.9198799,
        1.3319783
      ],
      [
        103.9199712,
        1.331863
      ],
      [
        103.920051,
        1.3317778
      ],
      [
        103.9200728,
        1.3317569
      ],
      [
        103.920096,
        1.3317366
      ],
      [
        103.9201217,
        1.3317163
      ],
      [
        103.9201471,
        1.3316974
      ],
      [
        103.9201741,
        1.3316793
      ],
      [
        103.9201998,
        1.3316621
      ],
      [
        103.9202293,
        1.3316451
      ],
      [
        103.920257,
        1.3316304
      ],
      [
        103.9202891,
        1.3316151
      ],
      [
        103.9203058,
        1.3316078
      ],
      [
        103.9203226,
        1.3316011
      ],
      [
        103.9203404,
        1.3315951
      ],
      [
        103.9203591,
        1.3315896
      ],
      [
        103.9203769,
        1.3315851
      ],
      [
        103.9203935,
        1.3315815
      ],
      [
        103.9204132,
        1.3315784
      ],
      [
        103.9204319,
        1.3315762
      ],
      [
        103.9204517,
        1.3315744
      ],
      [
        103.9204733,
        1.3315733
      ],
      [
        103.9205135,
        1.3315738
      ],
      [
        103.920552,
        1.3315758
      ],
      [
        103.9205875,
        1.3315791
      ],
      [
        103.920623,
        1.3315844
      ],
      [
        103.9206603,
        1.331592
      ],
      [
        103.9206958,
        1.3316023
      ],
      [
        103.9207318,
        1.3316158
      ],
      [
        103.9207647,
        1.3316305
      ],
      [
        103.9207998,
        1.3316505
      ],
      [
        103.9208324,
        1.3316736
      ],
      [
        103.9208612,
        1.331697
      ],
      [
        103.9208884,
        1.3317208
      ],
      [
        103.9209142,
        1.3317468
      ],
      [
        103.920938,
        1.3317731
      ],
      [
        103.9209592,
        1.3318003
      ],
      [
        103.9209776,
        1.3318291
      ],
      [
        103.9209939,
        1.3318592
      ],
      [
        103.9210091,
        1.3318892
      ],
      [
        103.9210226,
        1.3319211
      ],
      [
        103.9210356,
        1.3319534
      ],
      [
        103.9210459,
        1.3319866
      ],
      [
        103.9210541,
        1.3320197
      ],
      [
        103.9210586,
        1.3320433
      ],
      [
        103.921062,
        1.3320666
      ],
      [
        103.9210642,
        1.3320904
      ],
      [
        103.9210653,
        1.3321136
      ],
      [
        103.9210653,
        1.3321348
      ],
      [
        103.9210646,
        1.3321555
      ],
      [
        103.9210634,
        1.3321763
      ],
      [
        103.9210614,
        1.3321967
      ],
      [
        103.9210549,
        1.3322413
      ],
      [
        103.9210508,
        1.3322635
      ],
      [
        103.9210457,
        1.3322855
      ],
      [
        103.9210399,
        1.3323075
      ],
      [
        103.9210328,
        1.3323288
      ],
      [
        103.9210245,
        1.3323501
      ],
      [
        103.921015,
        1.3323703
      ],
      [
        103.9210024,
        1.3323927
      ],
      [
        103.9209874,
        1.3324139
      ],
      [
        103.9209716,
        1.3324343
      ],
      [
        103.9209548,
        1.3324541
      ],
      [
        103.920938,
        1.3324729
      ],
      [
        103.9209202,
        1.3324919
      ],
      [
        103.9209024,
        1.3325094
      ],
      [
        103.9208834,
        1.3325267
      ],
      [
        103.9208657,
        1.3325411
      ],
      [
        103.9208468,
        1.3325545
      ],
      [
        103.9208257,
        1.3325679
      ],
      [
        103.920804,
        1.3325804
      ],
      [
        103.9207817,
        1.3325915
      ],
      [
        103.9207577,
        1.3326012
      ],
      [
        103.9207342,
        1.3326092
      ],
      [
        103.9207091,
        1.3326159
      ],
      [
        103.920678,
        1.3326211
      ],
      [
        103.9206459,
        1.3326254
      ],
      [
        103.9206136,
        1.3326285
      ],
      [
        103.9205787,
        1.3326304
      ],
      [
        103.9205452,
        1.3326307
      ],
      [
        103.9205102,
        1.3326292
      ],
      [
        103.9204759,
        1.3326262
      ],
      [
        103.9204408,
        1.3326215
      ],
      [
        103.9204102,
        1.3326154
      ],
      [
        103.9203785,
        1.3326073
      ],
      [
        103.9203159,
        1.3325891
      ],
      [
        103.9198067,
        1.3324274
      ],
      [
        103.9195452,
        1.3323052
      ],
      [
        103.9173448,
        1.3312689
      ],
      [
        103.9170529,
        1.3311316
      ],
      [
        103.916104,
        1.3306868
      ],
      [
        103.9150898,
        1.3302226
      ],
      [
        103.9138566,
        1.3296357
      ],
      [
        103.9129207,
        1.3291847
      ],
      [
        103.9119317,
        1.3287082
      ],
      [
        103.9116573,
        1.3285621
      ],
      [
        103.9110557,
        1.3282306
      ],
      [
        103.9098193,
        1.3275461
      ],
      [
        103.9093377,
        1.3272702
      ],
      [
        103.9089874,
        1.3271056
      ],
      [
        103.9086909,
        1.3269859
      ],
      [
        103.9084531,
        1.3269001
      ],
      [
        103.9082232,
        1.3268347
      ],
      [
        103.9074252,
        1.3266059
      ],
      [
        103.9071306,
        1.3265182
      ],
      [
        103.9047518,
        1.3258016
      ],
      [
        103.9038334,
        1.3255294
      ],
      [
        103.902572,
        1.3252477
      ],
      [
        103.9018891,
        1.3250964
      ],
      [
        103.9014947,
        1.3250176
      ],
      [
        103.9011766,
        1.324954
      ],
      [
        103.8997593,
        1.3246758
      ],
      [
        103.8978971,
        1.3243235
      ],
      [
        103.8958067,
        1.3239079
      ],
      [
        103.8946566,
        1.3236787
      ],
      [
        103.894153,
        1.3235865
      ],
      [
        103.8924428,
        1.3232151
      ],
      [
        103.8891295,
        1.3224315
      ],
      [
        103.8881085,
        1.322282
      ],
      [
        103.8876561,
        1.3222272
      ],
      [
        103.8871923,
        1.3221707
      ],
      [
        103.8863439,
        1.3221417
      ],
      [
        103.8861907,
        1.3221364
      ],
      [
        103.8861617,
        1.3221354
      ],
      [
        103.8861151,
        1.3221338
      ],
      [
        103.885974,
        1.322129
      ],
      [
        103.885638,
        1.3221241
      ],
      [
        103.8850709,
        1.3220645
      ],
      [
        103.88495,
        1.3220452
      ],
      [
        103.8848186,
        1.3220188
      ],
      [
        103.8845401,
        1.3219423
      ],
      [
        103.8834541,
        1.32152
      ],
      [
        103.8826228,
        1.3211833
      ],
      [
        103.8820848,
        1.3209666
      ],
      [
        103.8813982,
        1.3206877
      ],
      [
        103.8804665,
        1.3203052
      ],
      [
        103.879898,
        1.3200795
      ],
      [
        103.8796616,
        1.3199961
      ],
      [
        103.879518,
        1.3199555
      ],
      [
        103.8794097,
        1.3199324
      ],
      [
        103.8792932,
        1.3199076
      ],
      [
        103.8790584,
        1.3198667
      ],
      [
        103.8788233,
        1.3198212
      ],
      [
        103.8783922,
        1.3197692
      ],
      [
        103.8777435,
        1.3197933
      ],
      [
        103.8770212,
        1.3198116
      ],
      [
        103.8768209,
        1.3198317
      ],
      [
        103.8765691,
        1.3198805
      ],
      [
        103.8763136,
        1.3199483
      ],
      [
        103.876254,
        1.3199699
      ],
      [
        103.8761337,
        1.3200246
      ],
      [
        103.8759793,
        1.3201007
      ],
      [
        103.8755879,
        1.3202954
      ],
      [
        103.8754692,
        1.3203672
      ],
      [
        103.8753579,
        1.3204367
      ],
      [
        103.8752302,
        1.3205225
      ],
      [
        103.8750089,
        1.3206888
      ],
      [
        103.8749304,
        1.3207569
      ],
      [
        103.8746916,
        1.3209639
      ],
      [
        103.8744619,
        1.321222
      ],
      [
        103.8732649,
        1.3227929
      ],
      [
        103.8731271,
        1.3229474
      ],
      [
        103.8718905,
        1.3245788
      ],
      [
        103.8713716,
        1.3252961
      ],
      [
        103.8711791,
        1.3255622
      ],
      [
        103.8707583,
        1.3260784
      ],
      [
        103.8705419,
        1.3263043
      ],
      [
        103.8704824,
        1.3263615
      ],
      [
        103.8703194,
        1.3265358
      ],
      [
        103.8701819,
        1.3266722
      ],
      [
        103.8700589,
        1.3267895
      ],
      [
        103.8698179,
        1.3268769
      ],
      [
        103.8696434,
        1.3270104
      ],
      [
        103.8692869,
        1.3272597
      ],
      [
        103.8689307,
        1.3274981
      ],
      [
        103.8685919,
        1.3277004
      ],
      [
        103.8683854,
        1.3278158
      ],
      [
        103.8682606,
        1.3278843
      ],
      [
        103.8681597,
        1.3279372
      ],
      [
        103.8680533,
        1.3279858
      ],
      [
        103.8679337,
        1.3280352
      ],
      [
        103.8678238,
        1.3280804
      ],
      [
        103.8677263,
        1.3281171
      ],
      [
        103.8674757,
        1.3281999
      ],
      [
        103.8672471,
        1.3282684
      ],
      [
        103.8669435,
        1.3283578
      ],
      [
        103.8666482,
        1.3284425
      ],
      [
        103.8657004,
        1.328701
      ],
      [
        103.8649124,
        1.32895
      ],
      [
        103.8647476,
        1.3289972
      ],
      [
        103.8646201,
        1.3290118
      ],
      [
        103.8645061,
        1.329015
      ],
      [
        103.8643845,
        1.3290116
      ],
      [
        103.8642983,
        1.329027
      ],
      [
        103.8642358,
        1.3290117
      ],
      [
        103.8641059,
        1.3289608
      ],
      [
        103.8636167,
        1.3286981
      ],
      [
        103.8633142,
        1.3285313
      ],
      [
        103.8631002,
        1.3284605
      ],
      [
        103.8629123,
        1.3284126
      ],
      [
        103.8626897,
        1.3283527
      ],
      [
        103.8624901,
        1.3282706
      ],
      [
        103.862343,
        1.3281743
      ],
      [
        103.8622446,
        1.32807
      ],
      [
        103.8621627,
        1.3279561
      ],
      [
        103.8617932,
        1.3273373
      ],
      [
        103.8614553,
        1.3268121
      ],
      [
        103.861246,
        1.3265306
      ],
      [
        103.8608506,
        1.3260993
      ],
      [
        103.860634,
        1.3258868
      ],
      [
        103.8599358,
        1.3252418
      ],
      [
        103.8596678,
        1.3249918
      ],
      [
        103.8589809,
        1.3243512
      ],
      [
        103.8585017,
        1.3239018
      ],
      [
        103.8583445,
        1.3237545
      ],
      [
        103.8581874,
        1.3236071
      ],
      [
        103.8579285,
        1.3233592
      ],
      [
        103.8577964,
        1.3232253
      ],
      [
        103.8575584,
        1.3229297
      ],
      [
        103.856535,
        1.321741
      ],
      [
        103.8564923,
        1.3216914
      ],
      [
        103.8563696,
        1.3215628
      ],
      [
        103.8560287,
        1.3212197
      ],
      [
        103.8556393,
        1.3208617
      ],
      [
        103.8552404,
        1.3205324
      ],
      [
        103.8541098,
        1.3197514
      ],
      [
        103.8538304,
        1.3195591
      ],
      [
        103.8535398,
        1.3193745
      ],
      [
        103.8534882,
        1.3192976
      ],
      [
        103.8534506,
        1.31926
      ],
      [
        103.8534379,
        1.3192469
      ],
      [
        103.8534197,
        1.3192359
      ],
      [
        103.853386,
        1.3192144
      ],
      [
        103.8531024,
        1.3190433
      ],
      [
        103.8530049,
        1.3189829
      ],
      [
        103.8529286,
        1.3189088
      ],
      [
        103.8528608,
        1.3187899
      ],
      [
        103.8528228,
        1.31867
      ],
      [
        103.8528244,
        1.318575
      ],
      [
        103.8528429,
        1.3184804
      ],
      [
        103.8528935,
        1.3183715
      ],
      [
        103.8529903,
        1.3182672
      ],
      [
        103.8530971,
        1.3182119
      ],
      [
        103.8532052,
        1.3181868
      ],
      [
        103.8533681,
        1.3181811
      ],
      [
        103.8535192,
        1.3182362
      ],
      [
        103.8536609,
        1.3183131
      ],
      [
        103.8537651,
        1.3183895
      ],
      [
        103.853828,
        1.3185573
      ],
      [
        103.8538577,
        1.3186706
      ],
      [
        103.8538766,
        1.3187949
      ],
      [
        103.8538333,
        1.3189198
      ],
      [
        103.8537994,
        1.3189757
      ],
      [
        103.8537569,
        1.3190459
      ],
      [
        103.8536689,
        1.3191298
      ],
      [
        103.8532307,
        1.3192861
      ],
      [
        103.8531077,
        1.3193271
      ],
      [
        103.8529711,
        1.3193817
      ],
      [
        103.8528656,
        1.3193892
      ],
      [
        103.8527737,
        1.319392
      ],
      [
        103.8525884,
        1.3193334
      ],
      [
        103.8522393,
        1.3192612
      ],
      [
        103.8519152,
        1.3192391
      ],
      [
        103.8517576,
        1.3192396
      ],
      [
        103.8515656,
        1.3192483
      ],
      [
        103.8513596,
        1.3192749
      ],
      [
        103.8511177,
        1.3192886
      ],
      [
        103.8510236,
        1.3192924
      ],
      [
        103.8509472,
        1.3192932
      ],
      [
        103.8508199,
        1.3192964
      ],
      [
        103.8505402,
        1.3192869
      ],
      [
        103.8502329,
        1.319236
      ],
      [
        103.8499098,
        1.3191706
      ],
      [
        103.8495366,
        1.3190891
      ],
      [
        103.8491865,
        1.3190277
      ],
      [
        103.848633,
        1.3189333
      ],
      [
        103.8485706,
        1.3189227
      ],
      [
        103.848461,
        1.3189014
      ],
      [
        103.8484236,
        1.3188936
      ],
      [
        103.8479199,
        1.318789
      ],
      [
        103.8476376,
        1.3187303
      ],
      [
        103.8473428,
        1.3186691
      ],
      [
        103.8470484,
        1.318608
      ],
      [
        103.8466747,
        1.3185357
      ],
      [
        103.8466118,
        1.3185235
      ],
      [
        103.8463195,
        1.3184754
      ],
      [
        103.8462813,
        1.3184671
      ],
      [
        103.8459526,
        1.3183958
      ],
      [
        103.845937,
        1.3183949
      ],
      [
        103.8456817,
        1.3183797
      ],
      [
        103.845588,
        1.3183688
      ],
      [
        103.8455614,
        1.3183684
      ],
      [
        103.8454845,
        1.318373
      ],
      [
        103.8452731,
        1.3183901
      ],
      [
        103.8451281,
        1.3184157
      ],
      [
        103.8448172,
        1.3184651
      ],
      [
        103.8445392,
        1.318523
      ],
      [
        103.8443887,
        1.3185457
      ],
      [
        103.844305,
        1.3185525
      ],
      [
        103.8442346,
        1.3185514
      ],
      [
        103.8441531,
        1.3185433
      ],
      [
        103.8440378,
        1.3185201
      ],
      [
        103.8438783,
        1.3184837
      ],
      [
        103.8438255,
        1.3186018
      ],
      [
        103.8437973,
        1.3186587
      ],
      [
        103.8437442,
        1.3187426
      ],
      [
        103.8434515,
        1.319162
      ],
      [
        103.8430915,
        1.3190729
      ],
      [
        103.8430143,
        1.3190483
      ],
      [
        103.8429327,
        1.3190222
      ],
      [
        103.8428551,
        1.3189919
      ],
      [
        103.8427918,
        1.3189561
      ],
      [
        103.8427222,
        1.318897
      ],
      [
        103.8426348,
        1.3188188
      ],
      [
        103.8423774,
        1.3185924
      ],
      [
        103.8421941,
        1.3184058
      ],
      [
        103.8420114,
        1.3182409
      ],
      [
        103.8419083,
        1.3181053
      ],
      [
        103.8418616,
        1.3180438
      ],
      [
        103.8417965,
        1.3179229
      ],
      [
        103.8417704,
        1.3178745
      ],
      [
        103.841662,
        1.3175669
      ],
      [
        103.8416441,
        1.3174983
      ],
      [
        103.8416353,
        1.3174665
      ],
      [
        103.8416017,
        1.3173458
      ],
      [
        103.8414277,
        1.3167015
      ],
      [
        103.8413802,
        1.3165002
      ],
      [
        103.841326,
        1.3162692
      ],
      [
        103.8411948,
        1.3157706
      ],
      [
        103.8411685,
        1.3156837
      ],
      [
        103.8411628,
        1.3156648
      ],
      [
        103.8411131,
        1.3154751
      ],
      [
        103.841096,
        1.3154114
      ],
      [
        103.8410377,
        1.3152103
      ],
      [
        103.84099,
        1.315046
      ],
      [
        103.8408684,
        1.3147977
      ],
      [
        103.8408378,
        1.3147352
      ],
      [
        103.8408159,
        1.3146904
      ],
      [
        103.8408084,
        1.3146751
      ],
      [
        103.8406455,
        1.314449
      ],
      [
        103.8403752,
        1.3141622
      ],
      [
        103.840142,
        1.3139608
      ],
      [
        103.8397822,
        1.3136492
      ],
      [
        103.8395794,
        1.3134759
      ],
      [
        103.8395341,
        1.3134124
      ],
      [
        103.8395288,
        1.3133638
      ],
      [
        103.8395387,
        1.3133266
      ],
      [
        103.8395876,
        1.313226
      ],
      [
        103.8396075,
        1.3131602
      ],
      [
        103.8396198,
        1.3130973
      ],
      [
        103.8396211,
        1.3130308
      ],
      [
        103.8396205,
        1.3130105
      ],
      [
        103.8395816,
        1.3129223
      ],
      [
        103.8395052,
        1.3128144
      ],
      [
        103.8393411,
        1.3126731
      ],
      [
        103.839239,
        1.3126126
      ],
      [
        103.8391799,
        1.3125898
      ],
      [
        103.8391022,
        1.3125787
      ],
      [
        103.8390029,
        1.3125737
      ],
      [
        103.8389211,
        1.3125965
      ],
      [
        103.8388551,
        1.3126266
      ],
      [
        103.8388059,
        1.31266
      ],
      [
        103.8387138,
        1.3126263
      ],
      [
        103.8386084,
        1.3125928
      ],
      [
        103.8384631,
        1.3125016
      ],
      [
        103.8379933,
        1.3121916
      ],
      [
        103.8377213,
        1.3120167
      ],
      [
        103.8372414,
        1.3116941
      ],
      [
        103.8370703,
        1.3115812
      ],
      [
        103.8365906,
        1.3112661
      ],
      [
        103.8365404,
        1.3112327
      ],
      [
        103.8362154,
        1.311016
      ],
      [
        103.8357473,
        1.310704
      ],
      [
        103.835604,
        1.3106084
      ],
      [
        103.8355211,
        1.3105624
      ],
      [
        103.8350818,
        1.3103058
      ],
      [
        103.834848,
        1.3101692
      ],
      [
        103.8344212,
        1.3099136
      ],
      [
        103.8342904,
        1.3098073
      ],
      [
        103.8339908,
        1.3094131
      ],
      [
        103.833931,
        1.309284
      ],
      [
        103.8338456,
        1.3090788
      ],
      [
        103.8337827,
        1.3089412
      ],
      [
        103.833654,
        1.3086384
      ],
      [
        103.8334183,
        1.3080989
      ],
      [
        103.8333922,
        1.308036
      ],
      [
        103.8333186,
        1.3078575
      ],
      [
        103.833056,
        1.3072314
      ],
      [
        103.8330161,
        1.3071363
      ],
      [
        103.8329732,
        1.307034
      ],
      [
        103.8329194,
        1.3069058
      ],
      [
        103.8326052,
        1.3061951
      ],
      [
        103.8324939,
        1.3059591
      ],
      [
        103.8324142,
        1.305792
      ],
      [
        103.8323845,
        1.3057342
      ],
      [
        103.8323388,
        1.3056564
      ],
      [
        103.8322287,
        1.3054926
      ],
      [
        103.8321501,
        1.305233
      ],
      [
        103.8321361,
        1.3051408
      ],
      [
        103.8321291,
        1.3050556
      ],
      [
        103.8321373,
        1.3049879
      ],
      [
        103.8321688,
        1.3049132
      ],
      [
        103.8322688,
        1.3048036
      ],
      [
        103.8322866,
        1.3047841
      ],
      [
        103.8323264,
        1.3047617
      ],
      [
        103.8324948,
        1.3046666
      ],
      [
        103.8325992,
        1.304608
      ],
      [
        103.8329914,
        1.3043877
      ],
      [
        103.8332644,
        1.3042467
      ],
      [
        103.8337941,
        1.3039729
      ],
      [
        103.8341395,
        1.3037979
      ],
      [
        103.8342408,
        1.3037465
      ],
      [
        103.8343481,
        1.3036921
      ],
      [
        103.8343779,
        1.303677
      ],
      [
        103.8346182,
        1.3035484
      ],
      [
        103.8347183,
        1.3034936
      ],
      [
        103.8351571,
        1.3032537
      ],
      [
        103.8357661,
        1.3029095
      ],
      [
        103.8358887,
        1.3028412
      ],
      [
        103.8359878,
        1.302781
      ],
      [
        103.8359941,
        1.3027776
      ],
      [
        103.8361317,
        1.3027055
      ],
      [
        103.8361674,
        1.3026855
      ],
      [
        103.836584,
        1.3024526
      ],
      [
        103.8373803,
        1.3020054
      ],
      [
        103.8374798,
        1.3019496
      ],
      [
        103.8375571,
        1.3019062
      ],
      [
        103.8377859,
        1.3017933
      ],
      [
        103.8379684,
        1.3017149
      ],
      [
        103.8381377,
        1.3016407
      ],
      [
        103.8387816,
        1.3013408
      ],
      [
        103.8388956,
        1.3012973
      ],
      [
        103.8389486,
        1.3012785
      ],
      [
        103.8395454,
        1.3010774
      ],
      [
        103.8398974,
        1.3009661
      ],
      [
        103.8400133,
        1.3009327
      ],
      [
        103.8405638,
        1.3007732
      ],
      [
        103.8406704,
        1.3007427
      ],
      [
        103.841123,
        1.3005966
      ],
      [
        103.8412588,
        1.3005494
      ],
      [
        103.8419492,
        1.3003426
      ],
      [
        103.8428421,
        1.3000755
      ],
      [
        103.8428649,
        1.3000691
      ],
      [
        103.8429499,
        1.3000417
      ],
      [
        103.8431335,
        1.2999773
      ],
      [
        103.8435446,
        1.2998446
      ],
      [
        103.8436685,
        1.2998015
      ],
      [
        103.8438222,
        1.299748
      ],
      [
        103.8439846,
        1.2996931
      ],
      [
        103.8442578,
        1.2996008
      ],
      [
        103.844592,
        1.2994879
      ],
      [
        103.8448857,
        1.29939
      ],
      [
        103.845461,
        1.299203
      ],
      [
        103.8457049,
        1.2991257
      ],
      [
        103.8457167,
        1.299122
      ],
      [
        103.845733,
        1.2991169
      ],
      [
        103.8457575,
        1.2991091
      ],
      [
        103.8458124,
        1.2990917
      ],
      [
        103.8463783,
        1.298908
      ],
      [
        103.8465819,
        1.2988347
      ],
      [
        103.8467733,
        1.2987639
      ],
      [
        103.8469449,
        1.2987223
      ],
      [
        103.8471133,
        1.2986962
      ],
      [
        103.8473037,
        1.2986888
      ],
      [
        103.8473514,
        1.2986907
      ],
      [
        103.8474666,
        1.2986928
      ],
      [
        103.8475317,
        1.2986942
      ],
      [
        103.8480493,
        1.2987257
      ],
      [
        103.848166,
        1.2987297
      ],
      [
        103.8483779,
        1.2987243
      ],
      [
        103.8485388,
        1.2986801
      ],
      [
        103.8485558,
        1.2986733
      ],
      [
        103.848595,
        1.2986574
      ],
      [
        103.8486566,
        1.2986176
      ],
      [
        103.8487115,
        1.2985833
      ],
      [
        103.8487849,
        1.2985263
      ],
      [
        103.849494,
        1.2979713
      ],
      [
        103.8495583,
        1.2979207
      ],
      [
        103.8495898,
        1.2978959
      ],
      [
        103.8496064,
        1.2978828
      ],
      [
        103.8497208,
        1.2977928
      ],
      [
        103.8499544,
        1.2976056
      ],
      [
        103.850139,
        1.2974549
      ],
      [
        103.8502759,
        1.2973461
      ],
      [
        103.8503328,
        1.2973008
      ],
      [
        103.8506353,
        1.2970604
      ],
      [
        103.8506786,
        1.297026
      ],
      [
        103.8508325,
        1.2969036
      ],
      [
        103.8508556,
        1.2968853
      ],
      [
        103.8510876,
        1.2967008
      ],
      [
        103.8511117,
        1.2966816
      ],
      [
        103.8518683,
        1.2960619
      ],
      [
        103.8519011,
        1.2960284
      ],
      [
        103.8520195,
        1.2959364
      ],
      [
        103.8520509,
        1.2959104
      ],
      [
        103.8523784,
        1.2956728
      ],
      [
        103.8525329,
        1.2955563
      ],
      [
        103.8528475,
        1.2953191
      ],
      [
        103.8530449,
        1.2951699
      ],
      [
        103.8531036,
        1.2951261
      ],
      [
        103.8532241,
        1.2950321
      ],
      [
        103.8534533,
        1.2948623
      ],
      [
        103.8538919,
        1.2945341
      ],
      [
        103.8540128,
        1.294437
      ],
      [
        103.8541121,
        1.2943592
      ],
      [
        103.8542348,
        1.294267
      ],
      [
        103.8545651,
        1.2940015
      ],
      [
        103.8546543,
        1.2939345
      ],
      [
        103.8547866,
        1.2938316
      ],
      [
        103.8553292,
        1.2934669
      ],
      [
        103.8557229,
        1.2932314
      ],
      [
        103.8558226,
        1.293172
      ],
      [
        103.8559769,
        1.2930831
      ],
      [
        103.8562154,
        1.2929484
      ],
      [
        103.856514,
        1.2927809
      ],
      [
        103.8568682,
        1.2925727
      ],
      [
        103.8569856,
        1.2925027
      ],
      [
        103.8570723,
        1.2924516
      ],
      [
        103.857176,
        1.2923891
      ],
      [
        103.8572319,
        1.2923557
      ],
      [
        103.8573318,
        1.2923828
      ],
      [
        103.8573936,
        1.2924033
      ],
      [
        103.8574398,
        1.2924234
      ],
      [
        103.8574874,
        1.2924496
      ],
      [
        103.8575247,
        1.292484
      ],
      [
        103.8576639,
        1.2927167
      ],
      [
        103.8577737,
        1.2928992
      ],
      [
        103.8580556,
        1.2933924
      ],
      [
        103.8582405,
        1.2937113
      ],
      [
        103.858378,
        1.2939486
      ],
      [
        103.8585234,
        1.2941993
      ],
      [
        103.8585949,
        1.2943162
      ],
      [
        103.8586093,
        1.2943574
      ],
      [
        103.8586146,
        1.294403
      ],
      [
        103.8586084,
        1.2944522
      ],
      [
        103.8585826,
        1.2945378
      ],
      [
        103.8585515,
        1.2945931
      ],
      [
        103.8585259,
        1.2946673
      ],
      [
        103.8585155,
        1.294745
      ],
      [
        103.8585207,
        1.2948233
      ],
      [
        103.8585357,
        1.2948837
      ],
      [
        103.8585601,
        1.2949409
      ],
      [
        103.8585931,
        1.2949936
      ],
      [
        103.858634,
        1.2950405
      ],
      [
        103.8586628,
        1.2950661
      ],
      [
        103.8587333,
        1.2951114
      ],
      [
        103.8588117,
        1.2951408
      ],
      [
        103.8588945,
        1.295153
      ],
      [
        103.8589781,
        1.2951475
      ],
      [
        103.8590445,
        1.2951299
      ],
      [
        103.8591068,
        1.2951011
      ],
      [
        103.8591632,
        1.295062
      ],
      [
        103.8592119,
        1.2950136
      ],
      [
        103.8592516,
        1.2949576
      ],
      [
        103.8592762,
        1.294908
      ],
      [
        103.8592965,
        1.2948429
      ],
      [
        103.8593052,
        1.2947752
      ],
      [
        103.859302,
        1.2947068
      ],
      [
        103.8592898,
        1.294648
      ],
      [
        103.8593411,
        1.2945805
      ],
      [
        103.8595942,
        1.2944337
      ],
      [
        103.8598415,
        1.2942903
      ],
      [
        103.8598839,
        1.2942657
      ],
      [
        103.8601112,
        1.2941242
      ],
      [
        103.8605153,
        1.2938794
      ],
      [
        103.8605813,
        1.2938426
      ],
      [
        103.8606524,
        1.2937867
      ],
      [
        103.8606844,
        1.2937562
      ],
      [
        103.8607259,
        1.2937071
      ],
      [
        103.8607869,
        1.2936014
      ],
      [
        103.8608285,
        1.2934982
      ],
      [
        103.8608601,
        1.2933929
      ],
      [
        103.8608853,
        1.2930274
      ],
      [
        103.860903,
        1.2926215
      ],
      [
        103.8609142,
        1.2921903
      ],
      [
        103.8609193,
        1.2920199
      ],
      [
        103.8609199,
        1.2918804
      ],
      [
        103.8609258,
        1.2916996
      ],
      [
        103.8609354,
        1.291417
      ],
      [
        103.8609332,
        1.2913321
      ],
      [
        103.8609361,
        1.2912346
      ],
      [
        103.860962,
        1.29038
      ],
      [
        103.8609834,
        1.2896744
      ],
      [
        103.8609842,
        1.2896462
      ],
      [
        103.8609857,
        1.2895592
      ],
      [
        103.8609892,
        1.289483
      ],
      [
        103.8609897,
        1.2894653
      ],
      [
        103.8609981,
        1.2891903
      ],
      [
        103.860901,
        1.2858569
      ],
      [
        103.8608914,
        1.2855271
      ],
      [
        103.8608828,
        1.2854291
      ],
      [
        103.8608243,
        1.2850303
      ],
      [
        103.8608051,
        1.2849576
      ],
      [
        103.860803,
        1.2849482
      ],
      [
        103.8607807,
        1.2848685
      ],
      [
        103.860715,
        1.2846556
      ],
      [
        103.8606539,
        1.2844605
      ],
      [
        103.8605874,
        1.2842848
      ],
      [
        103.8604935,
        1.2840732
      ],
      [
        103.8604043,
        1.2839098
      ],
      [
        103.8602821,
        1.2837086
      ],
      [
        103.8601491,
        1.2835076
      ],
      [
        103.8598087,
        1.2829571
      ],
      [
        103.8595504,
        1.2824792
      ],
      [
        103.8595121,
        1.282417
      ],
      [
        103.859437,
        1.2823044
      ],
      [
        103.859408,
        1.2822628
      ],
      [
        103.8590254,
        1.2816669
      ],
      [
        103.8589403,
        1.2815277
      ],
      [
        103.8588872,
        1.2814466
      ],
      [
        103.8586299,
        1.2810611
      ],
      [
        103.8585788,
        1.2809853
      ],
      [
        103.8585116,
        1.2808892
      ],
      [
        103.8584731,
        1.2808332
      ],
      [
        103.8580311,
        1.2801208
      ],
      [
        103.857717,
        1.2796503
      ],
      [
        103.857653,
        1.279553
      ],
      [
        103.8573119,
        1.2789883
      ],
      [
        103.8572079,
        1.2788165
      ],
      [
        103.8572706,
        1.2787828
      ],
      [
        103.8576518,
        1.2785359
      ],
      [
        103.858285,
        1.2781256
      ],
      [
        103.8583813,
        1.2780633
      ],
      [
        103.8584744,
        1.2782104
      ],
      [
        103.8588566,
        1.2787923
      ],
      [
        103.8594446,
        1.2796877
      ],
      [
        103.8597788,
        1.2802299
      ],
      [
        103.8601729,
        1.2809083
      ],
      [
        103.8605211,
        1.2815796
      ],
      [
        103.8605368,
        1.2816189
      ],
      [
        103.8606237,
        1.281789
      ],
      [
        103.8606341,
        1.2818145
      ],
      [
        103.8607372,
        1.2820672
      ],
      [
        103.8608206,
        1.2822815
      ],
      [
        103.8609166,
        1.282575
      ],
      [
        103.8610688,
        1.2830525
      ],
      [
        103.8611895,
        1.2834546
      ],
      [
        103.8612694,
        1.2838251
      ],
      [
        103.8613385,
        1.2843618
      ],
      [
        103.8614244,
        1.2851322
      ],
      [
        103.8614523,
        1.2862579
      ],
      [
        103.8614708,
        1.2875907
      ],
      [
        103.8614741,
        1.28783
      ],
      [
        103.8614765,
        1.2880023
      ],
      [
        103.8614885,
        1.2884018
      ],
      [
        103.8615167,
        1.289266
      ],
      [
        103.8615414,
        1.2897153
      ],
      [
        103.8616221,
        1.2906233
      ],
      [
        103.8616495,
        1.2912127
      ],
      [
        103.8616768,
        1.291501
      ],
      [
        103.8617191,
        1.2917465
      ],
      [
        103.8617718,
        1.2919664
      ],
      [
        103.8618401,
        1.2921569
      ],
      [
        103.8618912,
        1.2923218
      ],
      [
        103.8619746,
        1.2925115
      ],
      [
        103.8620897,
        1.292718
      ],
      [
        103.862208,
        1.2928636
      ],
      [
        103.8623505,
        1.2930275
      ],
      [
        103.8624549,
        1.2931331
      ],
      [
        103.862559,
        1.2932335
      ],
      [
        103.8626746,
        1.29333
      ],
      [
        103.8629035,
        1.2934901
      ],
      [
        103.863154,
        1.2936243
      ],
      [
        103.8634011,
        1.2937288
      ],
      [
        103.863677,
        1.2938241
      ],
      [
        103.8640869,
        1.29391
      ],
      [
        103.865951,
        1.29429
      ],
      [
        103.8703345,
        1.2951941
      ],
      [
        103.870672,
        1.2952552
      ],
      [
        103.8712598,
        1.2953497
      ],
      [
        103.8717608,
        1.2953888
      ],
      [
        103.8718566,
        1.2954374
      ],
      [
        103.8719083,
        1.2954623
      ],
      [
        103.8719935,
        1.295485
      ],
      [
        103.8721457,
        1.2954938
      ],
      [
        103.8728692,
        1.2955602
      ],
      [
        103.8732951,
        1.2955948
      ],
      [
        103.8741241,
        1.2956621
      ],
      [
        103.8748164,
        1.2957184
      ],
      [
        103.8751665,
        1.2957492
      ],
      [
        103.8753784,
        1.2957894
      ],
      [
        103.8755111,
        1.2958323
      ],
      [
        103.8756236,
        1.2958781
      ],
      [
        103.8757334,
        1.2959295
      ],
      [
        103.8758602,
        1.2960032
      ],
      [
        103.8759443,
        1.2960605
      ],
      [
        103.8761361,
        1.2962654
      ],
      [
        103.8763252,
        1.2965979
      ],
      [
        103.8766693,
        1.2973415
      ],
      [
        103.8767555,
        1.2975425
      ],
      [
        103.8778494,
        1.3003915
      ],
      [
        103.8780809,
        1.3016741
      ],
      [
        103.878006,
        1.3026255
      ],
      [
        103.8778573,
        1.3035574
      ],
      [
        103.8777382,
        1.3039411
      ],
      [
        103.8757561,
        1.3092218
      ],
      [
        103.8755261,
        1.3101967
      ],
      [
        103.875174,
        1.3118253
      ],
      [
        103.8748255,
        1.3137922
      ],
      [
        103.8748039,
        1.313914
      ],
      [
        103.8747029,
        1.3144066
      ],
      [
        103.8745037,
        1.3154955
      ],
      [
        103.8744784,
        1.315923
      ],
      [
        103.8744733,
        1.3165466
      ],
      [
        103.8744691,
        1.3166556
      ],
      [
        103.8744913,
        1.3169234
      ],
      [
        103.8745375,
        1.3172362
      ],
      [
        103.8745963,
        1.3175136
      ],
      [
        103.8746492,
        1.3177026
      ],
      [
        103.8748185,
        1.3184569
      ],
      [
        103.8748694,
        1.3186594
      ],
      [
        103.8749582,
        1.3189386
      ],
      [
        103.8750258,
        1.3190808
      ],
      [
        103.8751017,
        1.3191918
      ],
      [
        103.8752122,
        1.3193659
      ],
      [
        103.8753038,
        1.3194746
      ],
      [
        103.8754117,
        1.3195802
      ],
      [
        103.8756065,
        1.31974
      ],
      [
        103.8758528,
        1.31987
      ],
      [
        103.8760754,
        1.3199619
      ],
      [
        103.8763142,
        1.3200398
      ],
      [
        103.8765365,
        1.320097
      ],
      [
        103.8767736,
        1.3201381
      ],
      [
        103.8771432,
        1.3201892
      ],
      [
        103.8774447,
        1.3201979
      ],
      [
        103.8777717,
        1.3201908
      ],
      [
        103.8782361,
        1.3201727
      ],
      [
        103.8788522,
        1.3201652
      ],
      [
        103.879093,
        1.3201779
      ],
      [
        103.8792689,
        1.3201943
      ],
      [
        103.879399,
        1.3202132
      ],
      [
        103.8795344,
        1.3202423
      ],
      [
        103.8796774,
        1.3202899
      ],
      [
        103.8797997,
        1.3203365
      ],
      [
        103.8798659,
        1.3203616
      ],
      [
        103.8801403,
        1.3203926
      ],
      [
        103.8813338,
        1.3208807
      ],
      [
        103.8820043,
        1.321157
      ],
      [
        103.8833755,
        1.3217209
      ],
      [
        103.8842055,
        1.3220629
      ],
      [
        103.8845777,
        1.3221862
      ],
      [
        103.8847943,
        1.3222371
      ],
      [
        103.8849119,
        1.3222595
      ],
      [
        103.8849847,
        1.3222735
      ],
      [
        103.8850117,
        1.3222787
      ],
      [
        103.8851034,
        1.3222918
      ],
      [
        103.8853523,
        1.3223248
      ],
      [
        103.8856183,
        1.3223416
      ],
      [
        103.8859258,
        1.3223547
      ],
      [
        103.8861802,
        1.3223405
      ],
      [
        103.8863754,
        1.3223397
      ],
      [
        103.8874493,
        1.3223682
      ],
      [
        103.887919,
        1.3224184
      ],
      [
        103.8885099,
        1.3224893
      ],
      [
        103.8891228,
        1.3225865
      ],
      [
        103.8910818,
        1.3230143
      ],
      [
        103.892464,
        1.3233454
      ],
      [
        103.8934128,
        1.3235713
      ],
      [
        103.8948489,
        1.3238851
      ],
      [
        103.8952422,
        1.323972
      ],
      [
        103.8956208,
        1.3240631
      ],
      [
        103.8966284,
        1.3242527
      ],
      [
        103.8986026,
        1.3246434
      ],
      [
        103.9009243,
        1.3250973
      ],
      [
        103.9025149,
        1.325397
      ],
      [
        103.9028475,
        1.3254579
      ],
      [
        103.9028735,
        1.3254626
      ],
      [
        103.9029635,
        1.3254791
      ],
      [
        103.9032024,
        1.3255228
      ],
      [
        103.9037988,
        1.3256607
      ],
      [
        103.9047167,
        1.3259184
      ],
      [
        103.9070991,
        1.3266324
      ],
      [
        103.9073922,
        1.3267195
      ],
      [
        103.9084529,
        1.3270497
      ],
      [
        103.9086674,
        1.3271286
      ],
      [
        103.9088577,
        1.3272054
      ],
      [
        103.9092473,
        1.3273969
      ],
      [
        103.9094635,
        1.3275157
      ],
      [
        103.9107444,
        1.3282601
      ],
      [
        103.91133,
        1.3285994
      ],
      [
        103.9118459,
        1.3288795
      ],
      [
        103.9125581,
        1.3292265
      ],
      [
        103.9134124,
        1.3296266
      ],
      [
        103.9150182,
        1.3303932
      ],
      [
        103.9172011,
        1.3314122
      ],
      [
        103.91774,
        1.3316744
      ],
      [
        103.9177801,
        1.3317698
      ],
      [
        103.9178119,
        1.331805
      ],
      [
        103.9178514,
        1.3318322
      ],
      [
        103.9179285,
        1.3318774
      ],
      [
        103.9181073,
        1.3320027
      ],
      [
        103.9181674,
        1.3320482
      ],
      [
        103.9182229,
        1.3320937
      ],
      [
        103.9182873,
        1.3321521
      ],
      [
        103.918347,
        1.3322116
      ],
      [
        103.9184066,
        1.3322805
      ],
      [
        103.918458,
        1.3323505
      ],
      [
        103.9185152,
        1.3324335
      ],
      [
        103.9185659,
        1.3325171
      ],
      [
        103.9186223,
        1.3326306
      ],
      [
        103.9186727,
        1.3327467
      ],
      [
        103.9187164,
        1.3328778
      ],
      [
        103.9187501,
        1.3330112
      ],
      [
        103.9187707,
        1.3331201
      ],
      [
        103.9187859,
        1.3332319
      ],
      [
        103.9187926,
        1.3333374
      ],
      [
        103.9187917,
        1.3334423
      ],
      [
        103.9187808,
        1.3335671
      ],
      [
        103.9187652,
        1.333693
      ],
      [
        103.9187512,
        1.333774
      ],
      [
        103.9187231,
        1.3339033
      ],
      [
        103.918633,
        1.334214
      ],
      [
        103.918574,
        1.334336
      ],
      [
        103.9185036,
        1.3344771
      ],
      [
        103.9184025,
        1.3346908
      ],
      [
        103.9183549,
        1.3348062
      ],
      [
        103.9183118,
        1.3349233
      ],
      [
        103.9182677,
        1.335051
      ],
      [
        103.9182247,
        1.335201
      ],
      [
        103.9181837,
        1.3353708
      ],
      [
        103.9181493,
        1.335579
      ],
      [
        103.9180786,
        1.3363447
      ],
      [
        103.9180329,
        1.336953
      ],
      [
        103.9180137,
        1.3372223
      ],
      [
        103.9179383,
        1.3376989
      ],
      [
        103.9178782,
        1.3380955
      ],
      [
        103.9178688,
        1.3381572
      ],
      [
        103.9178583,
        1.3382383
      ],
      [
        103.9178517,
        1.3382969
      ],
      [
        103.9178456,
        1.3383531
      ],
      [
        103.9178456,
        1.3384851
      ],
      [
        103.9178487,
        1.3385322
      ],
      [
        103.9178834,
        1.3388536
      ],
      [
        103.9179637,
        1.3392244
      ],
      [
        103.9180159,
        1.3394655
      ],
      [
        103.9180952,
        1.3398348
      ],
      [
        103.9181311,
        1.3399943
      ],
      [
        103.9181442,
        1.3400514
      ],
      [
        103.9181648,
        1.3401147
      ],
      [
        103.9181972,
        1.3402269
      ],
      [
        103.9184021,
        1.3409362
      ],
      [
        103.9184623,
        1.3411523
      ],
      [
        103.9185142,
        1.3413844
      ],
      [
        103.9185554,
        1.3416749
      ],
      [
        103.9185585,
        1.3417968
      ],
      [
        103.9185676,
        1.3433083
      ],
      [
        103.9185679,
        1.3437514
      ],
      [
        103.91857,
        1.3442431
      ],
      [
        103.9185737,
        1.3443361
      ],
      [
        103.9185781,
        1.3449232
      ],
      [
        103.9185747,
        1.3449687
      ],
      [
        103.9185781,
        1.3450677
      ],
      [
        103.9185848,
        1.3451655
      ],
      [
        103.9185918,
        1.3452661
      ],
      [
        103.918626,
        1.345347
      ],
      [
        103.9186491,
        1.3454116
      ],
      [
        103.9186664,
        1.3454516
      ],
      [
        103.9186816,
        1.345482
      ],
      [
        103.9187025,
        1.3455158
      ],
      [
        103.9188071,
        1.345682
      ],
      [
        103.9188339,
        1.3457035
      ],
      [
        103.9189764,
        1.3458181
      ],
      [
        103.9194611,
        1.3461381
      ],
      [
        103.9198668,
        1.3463624
      ],
      [
        103.9203081,
        1.3465568
      ],
      [
        103.9223856,
        1.3474262
      ],
      [
        103.923953,
        1.3480729
      ],
      [
        103.9242142,
        1.3482074
      ],
      [
        103.9244952,
        1.3483913
      ],
      [
        103.9245371,
        1.3484257
      ],
      [
        103.9246925,
        1.3485532
      ],
      [
        103.9248441,
        1.34872
      ],
      [
        103.9249526,
        1.3488395
      ],
      [
        103.9251254,
        1.3490615
      ],
      [
        103.9252115,
        1.3491908
      ],
      [
        103.9252988,
        1.3493881
      ],
      [
        103.9253839,
        1.3495858
      ],
      [
        103.9256216,
        1.3501377
      ],
      [
        103.9256861,
        1.3502876
      ],
      [
        103.9257313,
        1.3503905
      ],
      [
        103.9257717,
        1.3504403
      ],
      [
        103.9258247,
        1.350464
      ],
      [
        103.9258832,
        1.3504667
      ],
      [
        103.9259466,
        1.3504561
      ],
      [
        103.9260674,
        1.3504001
      ],
      [
        103.9262101,
        1.3503215
      ],
      [
        103.9263141,
        1.3502621
      ],
      [
        103.9263408,
        1.3502469
      ],
      [
        103.9264227,
        1.3502001
      ],
      [
        103.9265175,
        1.3501485
      ],
      [
        103.9269368,
        1.3499174
      ],
      [
        103.9271436,
        1.3498062
      ],
      [
        103.9275921,
        1.3495555
      ],
      [
        103.9277893,
        1.3494463
      ],
      [
        103.9281589,
        1.3492352
      ],
      [
        103.928286,
        1.349163
      ],
      [
        103.9284813,
        1.3490642
      ],
      [
        103.9285503,
        1.3490293
      ],
      [
        103.9286381,
        1.348983
      ],
      [
        103.9287105,
        1.3489427
      ],
      [
        103.9292988,
        1.3486162
      ],
      [
        103.9297942,
        1.3483444
      ],
      [
        103.9298428,
        1.3483165
      ],
      [
        103.9301186,
        1.3481655
      ],
      [
        103.9303784,
        1.3480317
      ],
      [
        103.930826,
        1.3478067
      ],
      [
        103.9311152,
        1.3476516
      ],
      [
        103.9313534,
        1.3475238
      ],
      [
        103.9316661,
        1.3473715
      ],
      [
        103.9317013,
        1.3473553
      ],
      [
        103.9327387,
        1.3469204
      ],
      [
        103.9338008,
        1.3464713
      ],
      [
        103.934225,
        1.3462972
      ],
      [
        103.9342898,
        1.3462698
      ],
      [
        103.934429,
        1.3462108
      ],
      [
        103.9344471,
        1.3462031
      ],
      [
        103.9345425,
        1.3461627
      ],
      [
        103.9347528,
        1.3460719
      ],
      [
        103.9349255,
        1.346007
      ],
      [
        103.9354479,
        1.3457914
      ],
      [
        103.9358109,
        1.3456403
      ],
      [
        103.9358712,
        1.3456153
      ],
      [
        103.9359692,
        1.3455635
      ],
      [
        103.9362299,
        1.3454602
      ],
      [
        103.9363672,
        1.3454051
      ],
      [
        103.9369371,
        1.345175
      ],
      [
        103.9371738,
        1.3450794
      ],
      [
        103.93732,
        1.3450204
      ],
      [
        103.9375479,
        1.3449438
      ],
      [
        103.9376778,
        1.3449023
      ],
      [
        103.9377959,
        1.3448778
      ],
      [
        103.9379205,
        1.3448587
      ],
      [
        103.9380727,
        1.3448427
      ],
      [
        103.9381808,
        1.3448444
      ],
      [
        103.9383309,
        1.3448481
      ],
      [
        103.9384379,
        1.3448475
      ],
      [
        103.9384806,
        1.3448479
      ],
      [
        103.9386503,
        1.3448499
      ],
      [
        103.9394127,
        1.3448587
      ],
      [
        103.9395261,
        1.3448662
      ],
      [
        103.9396354,
        1.3448783
      ],
      [
        103.939837,
        1.3449101
      ],
      [
        103.9401382,
        1.3449669
      ],
      [
        103.9406584,
        1.345099
      ],
      [
        103.9407102,
        1.3451122
      ],
      [
        103.9408918,
        1.3451814
      ],
      [
        103.9412333,
        1.3453368
      ],
      [
        103.9415584,
        1.3454965
      ],
      [
        103.9419944,
        1.3457477
      ],
      [
        103.9421432,
        1.3458436
      ],
      [
        103.9421903,
        1.3458772
      ],
      [
        103.9422983,
        1.3459592
      ],
      [
        103.9424252,
        1.3460531
      ],
      [
        103.9427679,
        1.3463146
      ],
      [
        103.9428212,
        1.3463552
      ],
      [
        103.9429736,
        1.3464741
      ],
      [
        103.9430073,
        1.3465037
      ],
      [
        103.9434183,
        1.3468644
      ],
      [
        103.9437903,
        1.3471375
      ],
      [
        103.9439692,
        1.3472688
      ],
      [
        103.9444507,
        1.3476004
      ],
      [
        103.9444863,
        1.3476197
      ],
      [
        103.9445489,
        1.3476536
      ],
      [
        103.9450125,
        1.3479043
      ],
      [
        103.9451855,
        1.3479861
      ],
      [
        103.9456957,
        1.3481909
      ],
      [
        103.9457327,
        1.348206
      ],
      [
        103.9457585,
        1.3482142
      ],
      [
        103.9474463,
        1.3487905
      ],
      [
        103.947678,
        1.3488699
      ],
      [
        103.9480843,
        1.349009
      ],
      [
        103.9482472,
        1.3490648
      ],
      [
        103.9483633,
        1.3491045
      ],
      [
        103.9485009,
        1.3491517
      ],
      [
        103.9486672,
        1.3492087
      ],
      [
        103.9493041,
        1.3494268
      ],
      [
        103.9495605,
        1.3495145
      ],
      [
        103.9497467,
        1.3495615
      ],
      [
        103.9499708,
        1.3496388
      ],
      [
        103.9507933,
        1.349925
      ],
      [
        103.9508965,
        1.349959
      ],
      [
        103.9515759,
        1.3501903
      ],
      [
        103.9519959,
        1.3503351
      ],
      [
        103.9522608,
        1.3504356
      ],
      [
        103.9525729,
        1.3505539
      ],
      [
        103.9530068,
        1.3507184
      ],
      [
        103.9532455,
        1.3508511
      ],
      [
        103.9534165,
        1.3509952
      ],
      [
        103.9538088,
        1.3514291
      ],
      [
        103.9539286,
        1.3515796
      ],
      [
        103.95401,
        1.3516838
      ],
      [
        103.954178,
        1.3518948
      ],
      [
        103.9543621,
        1.3521456
      ],
      [
        103.9544709,
        1.352294
      ],
      [
        103.9545022,
        1.3523366
      ],
      [
        103.9545506,
        1.3524091
      ],
      [
        103.9546725,
        1.3525982
      ],
      [
        103.9547961,
        1.352818
      ],
      [
        103.9548624,
        1.3529495
      ],
      [
        103.9549604,
        1.3531785
      ],
      [
        103.955026,
        1.3533527
      ],
      [
        103.9551291,
        1.3537004
      ],
      [
        103.955154,
        1.3537849
      ],
      [
        103.9551786,
        1.3538785
      ],
      [
        103.9552256,
        1.3540369
      ],
      [
        103.9552617,
        1.3541586
      ],
      [
        103.9552976,
        1.3543119
      ],
      [
        103.9553246,
        1.354458
      ],
      [
        103.9553306,
        1.3544904
      ],
      [
        103.9553618,
        1.3548654
      ],
      [
        103.9553818,
        1.3552416
      ],
      [
        103.9553836,
        1.3555177
      ],
      [
        103.9553873,
        1.3558324
      ],
      [
        103.9553988,
        1.3561251
      ],
      [
        103.9554046,
        1.3562134
      ],
      [
        103.9554027,
        1.3563141
      ],
      [
        103.955507,
        1.3563137
      ],
      [
        103.9555609,
        1.3563117
      ],
      [
        103.955869,
        1.3563001
      ],
      [
        103.9563155,
        1.3563026
      ],
      [
        103.9564418,
        1.3563053
      ],
      [
        103.9566537,
        1.3563251
      ],
      [
        103.9568226,
        1.3563559
      ],
      [
        103.9569974,
        1.3564069
      ],
      [
        103.9571264,
        1.3564553
      ],
      [
        103.9572339,
        1.3565081
      ],
      [
        103.9573701,
        1.3565825
      ],
      [
        103.9574768,
        1.3566524
      ],
      [
        103.9575664,
        1.3567205
      ],
      [
        103.9576694,
        1.3568074
      ],
      [
        103.9578177,
        1.3569406
      ],
      [
        103.9579593,
        1.3570819
      ],
      [
        103.9581836,
        1.3573057
      ],
      [
        103.9584037,
        1.3575307
      ],
      [
        103.9584666,
        1.3575996
      ],
      [
        103.9585264,
        1.3576631
      ],
      [
        103.9586756,
        1.3578232
      ],
      [
        103.9589748,
        1.3581139
      ],
      [
        103.9594679,
        1.3585917
      ],
      [
        103.9595549,
        1.3586761
      ],
      [
        103.9599373,
        1.3590326
      ],
      [
        103.960187,
        1.3592962
      ],
      [
        103.9604057,
        1.3595271
      ],
      [
        103.9604876,
        1.3596172
      ],
      [
        103.9608249,
        1.3599834
      ],
      [
        103.9609406,
        1.360109
      ],
      [
        103.9611106,
        1.3602828
      ],
      [
        103.9611525,
        1.3603249
      ],
      [
        103.9613723,
        1.3605353
      ],
      [
        103.9617726,
        1.3609413
      ],
      [
        103.9619896,
        1.3611614
      ],
      [
        103.9623079,
        1.361477
      ],
      [
        103.9624969,
        1.3616678
      ],
      [
        103.9631956,
        1.3623637
      ],
      [
        103.9636219,
        1.3627929
      ],
      [
        103.9640489,
        1.3632485
      ],
      [
        103.964077,
        1.3633348
      ],
      [
        103.9640713,
        1.3634009
      ],
      [
        103.9640567,
        1.3634606
      ],
      [
        103.9640169,
        1.3635288
      ],
      [
        103.9639508,
        1.3636365
      ],
      [
        103.9631615,
        1.3644469
      ],
      [
        103.9629624,
        1.3646484
      ],
      [
        103.9624013,
        1.3652138
      ],
      [
        103.9623731,
        1.3652428
      ],
      [
        103.9623094,
        1.3651789
      ],
      [
        103.9621606,
        1.3650261
      ],
      [
        103.9621206,
        1.3649876
      ],
      [
        103.9618619,
        1.3647391
      ],
      [
        103.9616484,
        1.3645332
      ],
      [
        103.961545,
        1.3644335
      ],
      [
        103.9614332,
        1.3643156
      ],
      [
        103.9612221,
        1.3640894
      ],
      [
        103.961139,
        1.3640004
      ],
      [
        103.960941,
        1.3638025
      ],
      [
        103.9608929,
        1.363765
      ],
      [
        103.9608438,
        1.3637359
      ],
      [
        103.9607958,
        1.363712
      ],
      [
        103.9607464,
        1.363694
      ],
      [
        103.9606538,
        1.3636659
      ],
      [
        103.960572,
        1.3636514
      ],
      [
        103.9604849,
        1.3636511
      ],
      [
        103.9603601,
        1.3636619
      ],
      [
        103.9601979,
        1.363708
      ],
      [
        103.9601418,
        1.36374
      ],
      [
        103.9600824,
        1.3637855
      ],
      [
        103.9599837,
        1.3638627
      ],
      [
        103.9596084,
        1.3641545
      ],
      [
        103.9591599,
        1.3644983
      ],
      [
        103.9590324,
        1.3645937
      ],
      [
        103.958863,
        1.3647133
      ],
      [
        103.9585852,
        1.3649095
      ],
      [
        103.9585208,
        1.364955
      ],
      [
        103.9580223,
        1.3652754
      ],
      [
        103.9579878,
        1.3652954
      ],
      [
        103.9579244,
        1.3653319
      ],
      [
        103.9578659,
        1.365363
      ],
      [
        103.9579024,
        1.3654284
      ],
      [
        103.9579345,
        1.3654832
      ],
      [
        103.9581474,
        1.3657795
      ],
      [
        103.9585674,
        1.3663761
      ],
      [
        103.9587454,
        1.3666289
      ],
      [
        103.9590175,
        1.3670096
      ],
      [
        103.9590995,
        1.3671276
      ],
      [
        103.9593997,
        1.3675707
      ],
      [
        103.959485,
        1.3677015
      ],
      [
        103.9595385,
        1.3677836
      ],
      [
        103.9594772,
        1.3678228
      ],
      [
        103.959261,
        1.3679611
      ],
      [
        103.9590411,
        1.3680818
      ],
      [
        103.9587796,
        1.3682224
      ],
      [
        103.9585807,
        1.3683079
      ],
      [
        103.95843,
        1.3683727
      ],
      [
        103.9581893,
        1.3684788
      ],
      [
        103.9580568,
        1.3685372
      ],
      [
        103.9577383,
        1.3686494
      ],
      [
        103.9576084,
        1.3686955
      ],
      [
        103.9575265,
        1.3687245
      ],
      [
        103.9574965,
        1.3687333
      ],
      [
        103.9570193,
        1.3688679
      ],
      [
        103.9569822,
        1.3688771
      ],
      [
        103.9568806,
        1.3689094
      ],
      [
        103.9568115,
        1.3689232
      ],
      [
        103.9566553,
        1.3689539
      ],
      [
        103.9562927,
        1.3690452
      ],
      [
        103.9559514,
        1.3691069
      ],
      [
        103.955602,
        1.369155
      ],
      [
        103.9552009,
        1.3692008
      ],
      [
        103.9548322,
        1.3692155
      ],
      [
        103.9546422,
        1.3691751
      ],
      [
        103.954447,
        1.3691127
      ],
      [
        103.9542942,
        1.3690853
      ],
      [
        103.9539486,
        1.3690827
      ],
      [
        103.9530339,
        1.3690857
      ],
      [
        103.9527563,
        1.3690976
      ],
      [
        103.9524029,
        1.3691515
      ],
      [
        103.9521982,
        1.3691811
      ],
      [
        103.9519615,
        1.3692275
      ],
      [
        103.9518292,
        1.3692674
      ],
      [
        103.9516841,
        1.3693082
      ],
      [
        103.951214,
        1.3694394
      ],
      [
        103.9510826,
        1.3694901
      ],
      [
        103.9508477,
        1.36957
      ],
      [
        103.9506387,
        1.3696584
      ],
      [
        103.9503687,
        1.369772
      ],
      [
        103.9501331,
        1.3698894
      ],
      [
        103.9499331,
        1.3700069
      ],
      [
        103.9497288,
        1.3701114
      ],
      [
        103.9495345,
        1.3702261
      ],
      [
        103.9492235,
        1.3704099
      ],
      [
        103.948993,
        1.3705257
      ],
      [
        103.9489205,
        1.3705546
      ],
      [
        103.9488462,
        1.3705975
      ],
      [
        103.9488921,
        1.3706778
      ],
      [
        103.9489507,
        1.370796
      ],
      [
        103.9489956,
        1.3710094
      ],
      [
        103.9490258,
        1.3712896
      ],
      [
        103.9490699,
        1.3714916
      ],
      [
        103.9490975,
        1.3715701
      ],
      [
        103.9491738,
        1.3717474
      ],
      [
        103.9492445,
        1.3719474
      ],
      [
        103.9492687,
        1.3720213
      ],
      [
        103.9492068,
        1.3720361
      ],
      [
        103.9489428,
        1.3721207
      ],
      [
        103.9489038,
        1.3721326
      ],
      [
        103.9487912,
        1.3721755
      ],
      [
        103.9486711,
        1.3722341
      ],
      [
        103.9485827,
        1.3722825
      ],
      [
        103.9482599,
        1.3724774
      ],
      [
        103.9478927,
        1.3727124
      ],
      [
        103.947858,
        1.3727104
      ],
      [
        103.9478029,
        1.3727001
      ],
      [
        103.9476935,
        1.3725978
      ],
      [
        103.9475542,
        1.3724961
      ],
      [
        103.9473769,
        1.372272
      ],
      [
        103.9473094,
        1.3721271
      ],
      [
        103.9472937,
        1.3720781
      ],
      [
        103.9472771,
        1.3720224
      ],
      [
        103.9471564,
        1.3720646
      ],
      [
        103.9470583,
        1.3720994
      ],
      [
        103.9470222,
        1.3721087
      ],
      [
        103.9466985,
        1.3722431
      ],
      [
        103.9457782,
        1.3726165
      ],
      [
        103.9455688,
        1.3727207
      ],
      [
        103.9454157,
        1.3727883
      ],
      [
        103.9451998,
        1.3728595
      ],
      [
        103.9450719,
        1.3729134
      ],
      [
        103.9450335,
        1.3729296
      ],
      [
        103.9449494,
        1.3729628
      ],
      [
        103.9448801,
        1.3729917
      ],
      [
        103.9447973,
        1.3730261
      ],
      [
        103.943947,
        1.3733553
      ],
      [
        103.9436755,
        1.3734652
      ],
      [
        103.9431436,
        1.3736808
      ],
      [
        103.9425441,
        1.3739212
      ],
      [
        103.9424084,
        1.3739756
      ],
      [
        103.9420971,
        1.3741156
      ],
      [
        103.9419358,
        1.3742086
      ],
      [
        103.9418494,
        1.3742646
      ],
      [
        103.9417615,
        1.3743226
      ],
      [
        103.941645,
        1.3744023
      ],
      [
        103.9413253,
        1.3746482
      ],
      [
        103.9411319,
        1.3748132
      ],
      [
        103.9410641,
        1.3748553
      ],
      [
        103.9409951,
        1.3748979
      ],
      [
        103.9409368,
        1.3749369
      ],
      [
        103.9407872,
        1.3750435
      ],
      [
        103.9406411,
        1.3751523
      ],
      [
        103.9402693,
        1.3754257
      ],
      [
        103.9399627,
        1.3756555
      ],
      [
        103.9398881,
        1.3757115
      ],
      [
        103.9396852,
        1.3758636
      ],
      [
        103.9389317,
        1.3764284
      ],
      [
        103.9377907,
        1.3772863
      ],
      [
        103.9370469,
        1.3778433
      ],
      [
        103.9369611,
        1.3779071
      ],
      [
        103.9368535,
        1.3779886
      ],
      [
        103.9362752,
        1.3784339
      ],
      [
        103.9360348,
        1.3786076
      ],
      [
        103.9357572,
        1.3788091
      ],
      [
        103.9355647,
        1.3789442
      ],
      [
        103.9355312,
        1.3789695
      ],
      [
        103.9353922,
        1.3790794
      ],
      [
        103.9351788,
        1.3792405
      ],
      [
        103.935016,
        1.3793674
      ],
      [
        103.9345937,
        1.3796869
      ],
      [
        103.9344064,
        1.3798211
      ],
      [
        103.9343472,
        1.3798614
      ],
      [
        103.9342421,
        1.3799314
      ],
      [
        103.9343023,
        1.3800171
      ],
      [
        103.9343418,
        1.380076
      ],
      [
        103.9344161,
        1.3801793
      ],
      [
        103.9345041,
        1.3803086
      ],
      [
        103.9347699,
        1.3807583
      ],
      [
        103.9348613,
        1.3809077
      ],
      [
        103.9349406,
        1.3810662
      ],
      [
        103.9349918,
        1.3811742
      ],
      [
        103.9350129,
        1.3812162
      ],
      [
        103.935029,
        1.3812493
      ],
      [
        103.9360861,
        1.3831653
      ],
      [
        103.9361847,
        1.3833476
      ],
      [
        103.936239,
        1.3834387
      ],
      [
        103.9362779,
        1.3834845
      ],
      [
        103.936357,
        1.3835635
      ],
      [
        103.9364377,
        1.3836134
      ],
      [
        103.9365167,
        1.3836386
      ],
      [
        103.9366261,
        1.3836701
      ],
      [
        103.9366954,
        1.3836739
      ],
      [
        103.9367475,
        1.3836702
      ],
      [
        103.9368023,
        1.3836553
      ],
      [
        103.9368584,
        1.383627
      ],
      [
        103.9369593,
        1.3835703
      ],
      [
        103.9384367,
        1.3826953
      ],
      [
        103.9385035,
        1.3826497
      ],
      [
        103.9385671,
        1.3825934
      ],
      [
        103.9386363,
        1.3825232
      ],
      [
        103.9389769,
        1.3821319
      ],
      [
        103.9394522,
        1.3816101
      ],
      [
        103.9395429,
        1.3815104
      ],
      [
        103.9396214,
        1.381432
      ],
      [
        103.9396903,
        1.3813655
      ],
      [
        103.9404184,
        1.3806774
      ],
      [
        103.9404989,
        1.3805997
      ],
      [
        103.9407999,
        1.3803606
      ],
      [
        103.9412029,
        1.3800406
      ],
      [
        103.9417542,
        1.379644
      ],
      [
        103.941788,
        1.3796217
      ],
      [
        103.9418684,
        1.3795532
      ],
      [
        103.9419355,
        1.3795011
      ],
      [
        103.9429493,
        1.3787229
      ],
      [
        103.9432423,
        1.3785036
      ],
      [
        103.9433035,
        1.3784583
      ],
      [
        103.9439423,
        1.3779982
      ],
      [
        103.9439753,
        1.3779762
      ],
      [
        103.9440877,
        1.3779011
      ],
      [
        103.9442561,
        1.3777822
      ],
      [
        103.9450798,
        1.3773013
      ],
      [
        103.9455651,
        1.3770189
      ],
      [
        103.9457318,
        1.3769219
      ],
      [
        103.9459258,
        1.376809
      ],
      [
        103.9461074,
        1.3767042
      ],
      [
        103.9463674,
        1.3765636
      ],
      [
        103.946443,
        1.3765197
      ],
      [
        103.9468866,
        1.3762947
      ],
      [
        103.9469372,
        1.376269
      ],
      [
        103.9469982,
        1.3762374
      ],
      [
        103.9470855,
        1.3761914
      ],
      [
        103.9477728,
        1.3758294
      ],
      [
        103.9479831,
        1.3757284
      ],
      [
        103.9481728,
        1.3756513
      ],
      [
        103.9484098,
        1.37555
      ],
      [
        103.9484777,
        1.3755243
      ],
      [
        103.9485552,
        1.3754944
      ],
      [
        103.9486286,
        1.3754654
      ],
      [
        103.9488444,
        1.3753796
      ],
      [
        103.9492402,
        1.3752152
      ],
      [
        103.949349,
        1.3751815
      ],
      [
        103.9493175,
        1.3750796
      ],
      [
        103.9492813,
        1.3749702
      ],
      [
        103.9492647,
        1.3749088
      ],
      [
        103.9492107,
        1.374734
      ],
      [
        103.948911,
        1.373622
      ],
      [
        103.9488692,
        1.3735524
      ],
      [
        103.9488217,
        1.3735233
      ],
      [
        103.9487375,
        1.3735015
      ],
      [
        103.9485976,
        1.3735437
      ]
    ]
  }
}